"サービス","OpenSearch Service($)","Savings Plans for  Compute usage($)","Support (Enterprise)($)","Relational Database Service($)","Tax($)","S3($)","Elastic Container Service($)","CloudFront($)","Redshift($)","CloudWatch($)","ElastiCache($)","CloudFront Security Bundle($)","VPC($)","Elastic Load Balancing($)","GuardDuty($)","CloudTrail($)","EC2 その他($)","Kinesis Firehose($)","WAF($)","EC2 Container Registry (ECR)($)","Global Accelerator($)","EC2 インスタンス($)","Athena($)","Lambda($)","Key Management Service($)","Config($)","Route 53($)","SQS($)","Managed Grafana($)","Cost Explorer($)","Secrets Manager($)","CloudWatch Events($)","CodePipeline($)","SES($)","Elastic File System($)","CodeBuild($)","Systems Manager($)","SNS($)","API Gateway($)","Location Service($)","CloudShell($)","Step Functions($)","Glue($)","DynamoDB($)","Elastic Container Registry Public($)","QuickSight($)","Certificate Manager($)","X-Ray($)","CloudFormation($)","Refund($)","合計コスト($)"
"サービス の合計","31642.2982805379","22793.52","14840.15","13977.8610643319","13510.38","10653.4803648135","6336.8873396752","5873.0887001196","5392.5677339893","4333.8832352643","3926.6162518526","2850","2244.0628594062","2143.3434088642","1941.2152422186","1544.209805","1488.932089589","1160.739750735","591.8413118616","457.8691037088","391.1740677024","387.138340637","336.49426","307.4801816505","188.923304952","160.119","71.133144","58.5743500309","54","16.556176183","2.8371736586","2.325443","0.762","0.4264713048","0.0226399287","0.01","0.009378","0.0006548677","0.0005775227","0.00024","2.55e-8","4.2e-9","0","0","0","0","0","0","0","-1066.67","148614.2639454357"
"2025-07-01","1235.267892914","","2550.21","1403.9518678905","2095.11","59.1560515767","63.1723175611","5.6221992684","750.401768468","43.8467946624","13.7280027054","","11.8619266002","11.5876257844","36.3486652377","31.996919","9.2888710255","7.2795638476","5.544883428","2.1753492656","1.8010571165","5.1143689555","5.53678","0.0000551926","0.974966064","5.202","2.4014216","0.0705776","9","0.1180474194","0.0129032256","0.016088","0","0.0149248488","0.0000040197","0","","0","0.00000774","","","","0","0","0","0","","","","","8366.8139010176"
"2025-07-02","97.6928535334","","","32.4154128371","","58.8323954198","62.3039317029","65.1111846785","6.2041639247","49.0393146185","13.7280027309","","11.86858306","11.4390907287","34.8136914258","30.557288","9.2518513939","7.3989752773","5.784996744","2.1818872797","1.801100276","4.9222991862","5.7811","0.0000182","1.038293064","2.715","0.4144684","0.069052","","0.0991893548","0.0129032256","0.014818","0","0.004808024","0.0000040752","0","","0","0.00000774","","","","0","0","0","0","","","","","515.496684901"
"2025-07-03","97.6889670225","","","33.9650312704","","58.480735533","63.9112523827","61.1797528985","5.7431064756","47.73582365","13.7280027621","","11.8596948117","11.4144913394","34.0908588876","29.758118","9.3354765673","7.4321761325","5.616395028","2.1887524854","1.8015613047","4.892639037","5.533655","0.0000042","1.019990064","0.999","0.41546","0.2707571","","0.1192929032","0.0129032256","0.01286","","0.000701168","0.0000040752","","","0","0.00000258","","","","0","0","0","0","","","","","509.2074659044"
"2025-07-04","97.6918068882","","","32.6476686033","","59.2933626069","63.5050459271","59.517642118","5.2821163384","47.9174142236","13.7280027582","","11.8896048675","11.3958225039","34.3949299965","30.089956","8.8404686294","7.1468086618","5.491967628","2.1943551307","1.8012330514","4.9296338588","5.463595","0.0110194405","1.013897064","1.911","0.4045504","0.3094447","","0.0893167742","0.0129032256","0.013845","0","0.0020033401","0.0000040752","0","","0.000000696","0.0000055378","","","","0","0","0","0","","","","","506.9894250451"
"2025-07-05","97.6339768687","","","27.4694746009","","58.8445227402","47.940135057","44.6947231968","4.3599741918","44.5559465924","13.7280027423","","11.8592097629","10.5967213724","32.7490677832","28.874369","5.5802700604","3.0254728893","3.485376228","2.1958264248","1.8015588018","4.4476521364","5.47279","0.0094378887","0.991418064","0.072","0.265772","0.2279412","","0.0893496774","0.0129032256","0.011462","","","0.0000040752","","","0.0000007246","","","","","0","0","0","0","","","","","450.9953593048"
"2025-07-06","97.6305211198","","","26.8357800869","","58.9784595565","50.5134806","38.6147855682","5.0186609792","44.6349446479","13.7280027132","","11.8533470225","10.6095418925","32.6764494096","28.697059","5.5425712324","3.0052692029","3.425890428","2.1958264248","1.8009400608","4.4602910272","5.48037","0.0098700495","0.996935064","0.081","0.2585816","0.229725","","0.0892767742","0.0129032256","0.011526","","","0.0000040752","","","0","","","","","0","0","0","0","","","","","447.3920127609"
"2025-07-07","97.6979505917","","","36.1485451361","","60.1346023649","62.5936480102","73.1058099496","5.4138812888","48.9687371833","13.7280026628","","11.8588808586","11.4525589439","34.5983495191","30.323501","8.9335912551","7.2161713608","5.523256428","2.1980284006","1.8014358799","4.9537143304","5.49313","0.0116472317","1.017380064","2.238","0.3167644","0.2969251","","0.089223871","0.0129032256","0.013802","","0.0012020039","0.0000040752","","","0.000000581","0.0000125214","","","","0","0","0","0","","","","","526.1416602376"
"2025-07-08","97.6946821379","","","32.5409987272","","60.697679194","62.1343102734","58.9455925254","6.0066966935","48.8494998661","13.7280026049","","11.8584910093","11.386488697","34.3584805352","30.138194","9.0491862435","7.3064650724","5.391837228","2.2018493169","1.8013443064","4.9466820299","5.557365","0.3251846665","1.017272064","1.617","0.3043968","0.3219821","","0.0890419355","0.0129032256","0.013426","0","0.0009015022","0.0000040752","0","","0.0000005207","0.0000068544","","","","0","0","0","0","","","","","508.2959652051"
"2025-07-09","97.683859153","","","34.2692679473","","60.7863463643","64.1644603197","59.2734555713","5.7432465804","50.4812068845","13.728002613","","11.8593469594","11.3555116267","34.6653555349","30.366692","9.07106633","7.4077669147","5.509427628","2.2048268384","1.8015008552","4.9299221591","5.55637","1.0189995969","1.009151064","1.023","0.3540468","0.3442639","","0.0889158065","0.0129282256","0.012779","0.018","0.0010016695","0.0000040752","0","","0.0000001753","","","","","0","0","0","0","","","","","514.7407225929"
"2025-07-10","97.6850290512","","","31.3598368326","","62.0791051979","60.2730775416","56.9168737424","5.6115344042","50.3559238263","13.7280026223","","11.8613877494","11.2716745757","34.6483161527","30.467573","8.8995388967","7.2447198492","5.507120028","2.2086897449","1.8011329696","4.9700889998","5.585255","0.9620502609","1.014989064","2.874","0.3331564","0.3040987","","0.0888132258","0.0129082256","0.014295","","0.0042068499","0.0000040752","","","0","0.0000027676","","","","0","0","0","0","","","","","508.0834047535"
"2025-07-11","97.7024510698","","","33.2089312944","","60.9528924083","59.0547511377","54.2953253096","5.5456866942","52.8330087742","13.7280026037","","11.858111048","11.3062872866","34.391580957","30.218215","9.7673833367","6.936714534","5.323846344","2.2160690664","1.8014450202","5.1024862051","5.59037","37.0296288863","1.014365064","4.962","0.292354","0.3718731","","0.0889022581","0.0129032256","0.016429","0.066","0.0013021714","0.0000040752","0","","0.0000005259","0.0000052339","","","","0","0","0","0","","","","","545.6893256303"
"2025-07-12","97.6282908763","","","28.0930055136","","59.8040028095","41.5749830604","37.4570144116","4.6235638355","46.3215200889","13.7280026319","","11.8529482688","10.6027713821","33.206889965","29.555282","5.5393866355","3.1107800109","3.392535828","2.215722047","1.80122228","4.4453664486","5.55527","0.5961878357","0.993203064","0.069","0.2259984","0.2205116","","0.0889180645","0.0129032256","0.01137","","","0.0000040752","","","0","","","","","0","0","0","0","","","","","442.7266543586"
"2025-07-13","97.62940946","","","27.3447563604","","59.7810706492","42.3708451117","36.8613747565","4.7553038604","46.1704248543","13.7280026061","","11.8527714882","10.6592908008","33.0294922033","29.345226","5.4991243914","3.0323601152","3.406909428","2.2142420832","1.8013005706","4.4564554617","5.56263","0.6450070674","0.994133064","0.063","0.248272","0.2247857","","0.0889383871","0.0129032256","0.011349","","","0.0000040752","","","0","","","","","0","0","0","0","","","","","441.7893827203"
"2025-07-14","97.700836184","","","34.9237854906","","61.6439453816","61.3229186673","60.1677685238","5.4798473884","50.9376001488","13.7280025842","","11.8594058319","11.5291859784","34.6628195198","30.44064","9.3076236435","7.7534781652","5.589426828","2.2190053654","1.8015660633","4.9639941305","5.576275","1.1655457458","1.026557064","2.517","0.3206324","0.3317114","","0.0888190323","0.0129032256","0.014623","0.04","0.0017028376","0.0000040752","0","","0.0000010464","0.0000083053","","","","0","0","0","0","","","","","517.1276330269"
"2025-07-15","97.6992104432","","","32.6291434159","","62.2940377604","61.3737251031","60.628257483","6.2043996599","52.4944974415","13.7280025674","","11.8651500386","11.5301722911","36.0063889854","31.740047","9.3975331382","7.743050251","5.629154028","2.2234111869","1.8026685668","5.0480908573","5.91392","1.2779156623","1.015529064","3.996","0.3609996","0.313564","","0.0877064516","0.0129032256","0.015166","0.068","0.0021035037","0.0000040752","0","","0.0000014256","0.0000110743","","","","0","0","0","0","","","","","523.1007643"
"2025-07-16","97.6878597228","","","34.4779775549","","61.370569152","59.8693924296","57.9651247518","5.4139838618","50.1835687348","13.7280025977","","11.8606550589","11.3571527138","34.3275169465","30.189262","8.9347713959","7.1393031125","5.393981028","2.2254170329","1.8020127171","5.0124967025","5.608095","1.0683405515","1.005026064","2.487","0.3134088","0.318722","","0.0882748387","0.0129032256","0.013725","0.01","0.0028045122","0.0000040752","0","","0.0000047643","","","","","0","0","0","0","","","","","509.867356345"
"2025-07-17","97.6868032875","","","31.5665154691","","61.2944154488","59.4071141053","55.8457721364","5.8750563184","50.5950872703","13.728002607","","11.8633016136","11.3438141978","33.1929363717","30.526999","8.6910390155","6.8843457987","5.334689028","2.229776109","1.8019339578","4.9773377948","5.63551","1.0329824449","1.015493064","2.541","0.3611924","0.3154072","","0.0883251613","0.0129032256","0.014348","0.042","0.0030050162","0.0000040752","0","","0.0000080798","0.0000055378","","","","0","0","0","0","","","","","503.9071237345"
"2025-07-18","97.6938964788","","","33.6304771088","","60.9698310548","58.0707930079","55.7722594534","5.0846666203","50.1782893102","13.728002622","","11.872968395","11.3195167754","18.8968716323","30.697867","8.3694004425","6.6305796431","5.181246828","2.2303673016","1.8017811528","4.8856350946","5.630225","0.9453954483","0.995309064","0.084","0.3089356","0.3278905","","0.0881667742","0.0129032256","0.011896","","0.0015025005","0.0000040752","","","0.0000050724","","","","","0","0","0","0","","","","","485.4206831817"
"2025-07-19","97.6329912869","","","27.3083162654","","59.6079848517","42.8873340815","45.6909097126","4.821231854","47.307204785","13.728002574","","11.8558563831","10.647011482","18.4443820956","30.240258","5.664849142","3.2191196255","3.561270828","2.2303673016","1.801381936","4.4450302044","5.64053","0.7768903868","0.993458064","0.081","0.2351012","0.2878234","","0.0880632258","0.0129032256","0.01159","","0.0002003336","0.0000040752","","","0.0000002415","","","","","0","0","0","0","","","","","439.2210665618"
"2025-07-20","97.6284138398","","","25.7465328453","","59.895290308","42.0676474681","37.2604994029","4.4918939935","46.7591895212","13.7280025215","","11.8543725576","10.613894672","18.2369156233","29.878527","5.3778117127","2.894033832","3.276261228","2.2303673016","1.8019705813","4.4545895861","5.64885","0.6429161218","0.993368064","0.075","0.2030792","0.236459","","0.0879674194","0.0129032256","0.011387","","0.0004006677","0.0000040752","","","0.0000002415","","","","","0","0","0","0","","","","","426.1085490101"
"2025-07-21","97.6372792604","","","27.06590626","","61.9193560266","48.5982525452","43.0621441859","4.7553724251","48.1874157694","13.7280024447","","11.8577092616","10.8496590395","18.069684103","30.034001","5.8645266363","3.4104561433","3.620151228","2.2303673016","1.8025044906","4.8869079222","5.65726","0.8295565963","0.994529064","0.156","0.238404","0.2627843","","0.0876480645","0.0129032256","0.01162","","0.0016026698","0.0000040752","","","0","","","","","0","0","0","0","","","","","445.8320080388"
"2025-07-22","97.6992796656","","","32.4178994359","","61.7571857862","61.3670799302","64.7551974967","6.006845333","52.5453598867","13.7280024237","","11.8628933461","11.8943073076","20.0373240797","31.972873","8.9005960022","7.1208974078","5.490881628","2.2337769963","1.8024850764","4.9517901814","6.139835","0.9170902484","1.016849064","2.358","0.3668628","0.3016308861","","0.087503871","0.0129032256","0.01396","","0.0026043447","0.0000040752","","","0.0000010701","","","","","0","0","0","0","","","","","507.7619195686"
"2025-07-23","97.692528841","","","33.8844559802","","61.3160607703","57.9141941195","62.7227719559","5.743384284","51.4590410998","13.728002445","","11.8650433159","11.6632618069","19.3301963103","30.983288","8.9295599049","7.1351653872","5.243824428","2.2363841878","1.8023955176","4.9439087163","5.73049","0.9524367899","1.006256064","1.83","0.3611172","0.2994602","","0.0872558065","0.0129032256","0.013474","0.02","0.0036638522","0.0000040752","0","","0.0000005919","","","","","0","0","0","0","","","","","498.9105288759"
"2025-07-24","97.6866781893","","","33.8330718353","","62.5372281334","59.8910187292","64.7314228469","6.4679399746","54.4931761923","13.7280024999","","11.8585965718","11.5294260972","20.4951961403","33.01728","9.0715914364","7.0901971435","5.442580428","2.2440410308","1.8025032087","5.3195462972","6.102805","0.9624032558","1.029227064","7.908","0.3225064","0.3039803","","0.0873822581","0.0129032256","0.017394","","0.0012020047","0.0000040752","","","0.000000483","0.000001451","","","","0","0","0","0","","","","","517.9873062722"
"2025-07-25","97.6887045404","","","33.5567731588","","64.3540980569","60.9387345033","61.430224185","5.7433893735","52.2764389614","13.7280025614","","11.858072365","11.5050614964","19.9451129312","31.991584","8.6770952245","6.8931673047","5.189273628","2.2536853313","1.8024998542","4.9575289241","5.70978","1.0349627074","1.015157064","2.259","0.287526","0.3152751","","0.0873087097","0.0129032256","0.013742","","0.0028046767","0.0000040752","","","0.0000019323","0.0000027679","","","","0","0","0","0","","","","","505.5279146589"
"2025-07-26","97.6330697287","","","28.5164382924","","60.1377648074","45.3926515807","41.1486855339","4.6895363296","48.0782980241","13.7280025614","","11.8535082608","10.8426698233","18.7761613647","30.863962","5.6884392281","3.1935908325","3.394067628","2.2495578185","1.8035770912","4.4458679729","5.7196","0.7367500221","0.992693064","0.063","0.206072","0.2364259","","0.0872280645","0.0129032256","0.011491","","0.0004006716","0.0000040752","","","0","","","","","0","0","0","0","","","","","440.5024169012"
"2025-07-27","97.6352507277","","","26.5923175637","","60.4727726189","43.5171250875","41.5273123514","4.8871485463","47.933840564","13.7280025233","","11.8531010057","11.0087726718","18.5783282704","30.649774","5.7233298304","3.2169026174","3.438464028","2.2484709552","1.8058610953","4.4558330972","5.7281","0.7835045915","0.995918064","0.075","0.2158668","0.2756862","","0.0871112903","0.0129032256","0.01144","","0.0007011692","0.0000040752","","","0","","","","","0","0","0","0","","","","","437.45884297"
"2025-07-28","97.6961414149","","","33.0394669166","","64.5001469071","63.4759239746","61.0857385227","5.8751599615","52.0699824252","13.728002457","","11.8597935728","11.7511283465","19.3527930807","31.279844","9.1311576138","7.2493253521","5.4793536606","2.252395066","1.8014402645","5.0829529593","5.78025","0.9755982949","1.031906064","4.329","0.3724076","0.3050632","","0.0870677419","0.0129032256","0.015608","0.042","0.0023038418","0.0000040752","0","","0.0000015289","0.0000027689","","","","0","0","0","0","","","","","509.6648628371"
"2025-07-29","97.6868323072","","","33.351782964","","60.902655781","62.9700643212","55.2591495842","6.1386370359","52.7289601723","13.7280024225","","11.8650912748","11.4374117185","20.0271188887","32.038751","8.9875448544","7.0716444962","5.530000428","2.2563376315","1.8013076025","5.2327823765","5.760255","0.8581949719","1.018853064","7.035","0.392844","0.2729049","","0.0869787097","0.0129082256","0.01667","","0.0016026722","0.0000040752","","","0.0000012076","","","","","0","0","0","0","","","","","504.4702916856"
"2025-07-30","97.6881699697","","","31.4683685021","","61.507555305","58.977517139","46.2063608917","5.8093156706","52.7542468827","13.7280024519","","11.8610885131","11.5243205121","20.0258188861","32.249517","8.8416900558","6.7195192911","5.186901228","2.2603005152","1.8011904416","5.1930394348","5.869115","0.9898398469","1.019165064","6.525","0.3335644","0.2726784","","0.0869954839","0.0129032256","0.016289","","0.0033055208","0.0000040752","","","0.000000483","0.0000083041","","","","0","0","0","0","","","","","488.931791494"
"2025-07-31","97.7018179993","","","28.4143252831","","63.5883432468","59.9154010544","50.0182574077","5.67759295","52.5044738502","13.7280025011","","12.4131242912","12.2384420394","19.9336534885","31.888151","9.3543671794","7.3595280068","5.475842628","2.2690100248","2.2016597192","5.479120974","5.952975","1.0423483885","1.032863064","11.061","0.3256864","0.2988456535","","0.1569909677","0.0129032256","0.019419","","0.0044073653","0.00000412","","","0.0000002415","0.0000027676","","","","0","0","0","0","","","","","500.0685598376"
"2025-08-01","914.2716037042","","3748.25","1404.3763542565","1895.09","60.5800301823","59.5762098265","6.4525575554","749.9410674927","43.2774904054","13.7280025407","","12.7148134667","12.4604519936","35.8072161851","31.512612","8.874660951","6.8730302241","5.249286828","2.2800519925","2.4018879623","5.0699628564","5.79989","0.000012911","0.959525064","4.128","2.3389104","0.0658416","9","0.0867719355","0.0129032256","0.015319","0","0.0034056831","0.0000064248","0","","0","0.00001032","","","","0","0","0","0","","","","-46.67","8994.5278869874"
"2025-08-02","97.630657105","","","29.3637244476","","60.1075644186","43.8510007353","41.2255344496","4.8213471116","46.6473111213","13.7280025635","","12.6980837125","11.9460660872","34.0292131958","30.289032","5.5979570423","3.2153758619","3.518321628","2.282018541","2.4018036189","4.4352","5.80179","0.0000454494","0.995243064","0.06","0.2351636","0.0589948","","0.0974764516","0.0129032256","0.011454","","0.012320506","0.0000070008","","","0","","","","","0","0","0","0","","","","","455.0736117375"
"2025-08-03","97.6310220202","","","27.6592997332","","60.5133980312","44.1460803268","67.0238794306","5.08482262","46.4838020643","13.7280025287","","12.696351282","11.8803680352","33.8142493812","30.063057","5.474460175","3.0122587396","3.438204828","2.280597984","2.4021334785","4.4523919591","5.80927","0.0000072871","0.997958064","0.093","0.2167148","0.1486113","","0.0874680645","0.0129032256","0.011467","","0.0018030024","0.0000070008","","","0","","","","","0","0","0","0","","","","","479.163589362"
"2025-08-04","97.6963611754","","","31.7265103578","","66.9438788524","61.819548121","63.2803968659","5.5459040289","49.7725608963","13.7280025086","","12.7024493236","12.7753693708","35.3007607461","30.968035","9.0796385672","7.3117603118","5.223255228","2.2845003801","2.4016509912","5.0556314449","5.893535","0.0110628138","1.030784064","4.644","0.3356776","0.2581791967","","0.0878664516","0.0129032256","0.016431","0.054","0.0030050156","0.0000070008","0","","0.000002823","0.0000069875","","","","0","0","0","0","","","","","525.9636753486"
"2025-08-05","97.6915605744","","","33.2548305454","","63.9664377897","63.0382827218","58.2534111713","6.336314868","51.2921652709","13.7280025356","","12.7023970696","12.5248063414","36.527217391","32.052441","9.2127705998","7.6160276987","5.461058544","2.2911686688","2.4018247332","5.110346955","6.9657","0.0114216094","1.030172064","4.899","0.3666736","0.2838561265","","0.0878132258","0.0129032256","0.015458","","0.0018030043","0.000008863","","","0.0000007246","0.0000138393","","","","0","0","0","0","","","","","527.1358887611"
"2025-08-06","97.6869059661","","","31.9754808421","","64.5550926517","60.4177992543","56.2003939256","5.4141902867","49.7799503429","13.7280025821","","12.7047619826","12.5309693191","35.4550946952","31.155835","8.7690957418","7.2019684413","5.177911428","2.2978499521","2.4013779277","5.1139707138","6.03177","0.0111930469","1.021721064","4.662","0.3611028","0.253527","","0.0878625806","0.0129032256","0.015307","","0.0045075248","0.0000090816","","","0.0000010859","0.0000027676","","","","0","0","0","0","","","","","515.0285582301"
"2025-08-07","97.6956264674","","","33.7781760666","","67.7538847636","61.1558229318","65.2974212751","5.8093995821","50.1950976791","13.728002616","","12.7055313821","12.5611843503","35.4998862596","31.243784","9.3336554317","7.7650560381","5.642971428","2.3028862003","2.4013375408","5.1256741862","5.85569","0.0955444539","1.025339064","5.322","0.3396796","0.2952544","","0.0878654839","0.0129032256","0.015783","","0.0051085394","0.0000111501","","","0.0000009661","0.0000110717","","","","0","0","0","0","","","","","533.0505891535"
"2025-08-08","97.6902997467","","","27.9695346389","","64.3870578834","59.6022113632","62.5403937061","5.7435472002","54.3589099057","13.7280026319","","12.705757735","12.4907283511","39.1657038729","34.862282","8.9831918741","7.6069428641","5.329733628","2.3052342314","2.4015504329","4.9286432877","6.60229","0.8108017438","1.008995064","1.575","0.3682532","0.2924962","","0.0878612903","0.0129032256","0.013119","0.02","0.0010016679","0.0000119616","0","","0.0000006583","0.0000027676","","","","0","0","0","0","","","","","527.5924621324"
"2025-08-09","97.631741959","","","29.2954304231","","61.2260376616","41.5404148675","36.469654377","4.6896945478","47.6428152442","13.7280026229","","12.6989781738","11.8078258823","34.0470086131","30.387235","5.5957410369","3.2279763229","3.372104628","2.3057120928","2.4019933722","4.4450204853","5.87839","0.5807856972","0.998837064","0.066","0.2229484","0.2254493","","0.0879454839","0.0129032256","0.011306","","0.000100167","0.0000119616","","","0","","","","","0","0","0","0","","","","","450.5980646097"
"2025-08-10","97.629738219","","","27.0182713738","","62.8379923965","40.6708502405","36.6810662277","4.3603760274","47.8422246937","13.7280025998","","12.6970154898","11.8295606014","34.2274080205","30.591412","5.4483038619","2.985824089","3.237695628","2.305712255","2.4022845575","4.455027517","5.88517","0.5961507163","1.000097064","0.123","0.2121444","0.2448412","","0.0879735484","0.0129032256","0.011393","0.022","0.0004006661","0.0000119616","0","","0.0000003502","","","","","0","0","0","0","","","","","449.1448519307"
"2025-08-11","97.6373231055","","","28.5089363844","","59.2379728465","47.4301931349","45.8914615163","4.4262611648","40.3962490059","13.7280025641","","12.695044683","11.9600142265","26.7843462188","23.240223","5.9488649527","3.5553405758","3.552499344","2.3057121264","2.4022387305","4.9059493351","4.42174","0.6648355537","0.998678064","0.099","0.2350488","0.274111","","0.0877912903","0.0129032256","0.011442","","","0.0000119616","","","0","","","","","0","0","0","0","","","","","441.4121948104"
"2025-08-12","92.6184542285","","","31.2962392002","","52.8401193818","59.3025018963","63.352413217","5.8753389031","16.5599649996","13.7280025224","","12.7003534338","12.4598821621","4.4664724113","1.345664","8.8743070711","7.0334668353","5.213970828","2.3084262124","2.4033305923","5.0267778637","0.029805","15.7283123299","1.035623064","4.086","0.3641988","0.3185309","","0.0877919355","0.0129082256","0.017373","0.192","0.0028046549","0.0000119616","0","","0.0000034812","0.0000138431","","","","0","0","0","0","","","","","419.2810629547"
"2025-08-13","80.2919104713","","","31.6440423054","","55.2875734341","56.9849055586","65.1106789698","5.8753551634","16.9652705508","13.7280025497","","12.7029154775","12.3158589672","5.0550138654","1.94422","8.4363969391","6.1286539641","4.677149628","2.3164253524","2.4024878282","5.3516251773","0.88714","0.7141755754","1.049450064","9.873","0.2735736","0.2777934","","0.0878941935","0.0129032256","0.018486","0.054","0.0007011616","0.0000126246","0","","0.0000007672","0.0000055352","","","","0","0","0","0","0","","","","400.4676223494"
"2025-08-14","80.2896691618","","","31.4195376078","","55.4740156089","56.4231169736","58.293490849","5.7436395681","16.6102693781","13.7280026232","","12.7002913882","12.3099149131","4.7509840035","1.730132","8.259313942","6.2449179842","4.754112228","2.3233514212","2.4022451644","5.1060691624","0.01274","4.803640179","1.040639064","4.863","0.2716784","0.309643813","","0.0877332258","0.0129032256","0.016258","","0.0031051323","0.0000280954","","","0.0000004941","0.0000110704","","","","0","0","0","0","","","","","389.9844546771"
"2025-08-15","80.2854364169","","","31.7399324025","","53.678629801","57.0444242695","49.4439881567","5.5460841189","15.8417544427","13.7280026238","","12.6993987373","12.2050227819","4.2706933108","1.233568","7.7175173175","5.6628029257","4.419005028","2.3308335625","2.4019278064","4.9954114008","0.081825","0.6881459742","1.039439064","3.105","0.2598464","0.2677512262","","0.0876090323","0.0129032256","0.01461","0.032","0.0011018239","0.0000324504","0","","0.0000003504","0.0000083028","","","","0","0","0","0","","","","","370.8347059527"
"2025-08-16","80.2556834043","","","28.6780829011","","51.7526804018","44.6365283727","54.4933296031","5.2167606134","12.9164195228","13.7280026271","","12.6967499094","12.507172721","3.3236382463","0.688887","5.8167262946","3.4811318783","3.868570428","2.332459032","2.4020914693","4.4469835807","0.0099","0.604833235","1.017509064","0.066","0.2151324","0.2794535","","0.0876480645","0.0129032256","0.011399","","","0.0000324504","","","0.0000004525","","","","","0","0","0","0","","","","","345.5467093979"
"2025-08-17","80.256901574","","","28.0060583275","","52.4651426433","42.3375120958","45.0964797752","4.8215777051","12.7151910487","13.728002616","","12.6937010767","12.2284646989","3.2291641209","0.725752","5.7275222552","3.4262285618","3.496177428","2.332459032","2.4024448601","4.4565250524","0.0096","0.6804182003","1.016414064","0.069","0.206932","0.2739929","","0.087596129","0.0129032256","0.011382","","0.0010016538","0.0000324504","","","0.0000002415","","","","","0","0","0","0","","","","","332.5145777362"
"2025-08-18","80.3420042589","","","34.0308582553","","59.7237708493","61.7451563119","75.9128288262","6.0730513177","17.010016528","13.7280025902","","12.7033063731","13.132335962","4.5440677124","1.408028","9.5614894744","7.9709769058","5.592617628","2.3397024195","2.4016003973","4.9539260139","0.0284","1.3556777138","1.062425064","2.235","0.348216","0.3371381","","0.0875296774","0.0129032256","0.014294","0.052","0.0029048023","0.0000336503","0","","0.0000014586","0.0000083054","","","","0","0","0","0","","","","","418.7102718213"
"2025-08-19","80.3185522361","","","33.3352560204","","63.1530429057","64.2426721377","64.881088519","6.7317337203","17.6057934204","13.7280026577","","12.7160848687","12.6590655891","4.7346087155","1.374092","9.3675944655","7.8411590194","5.836765944","2.3556456588","2.4021206455","5.0325999457","0.02199","0.9779005135","1.089746064","3.861","0.39505","0.286142","","0.0874922581","0.0129032256","0.015773","","0.0036059638","0.0000410394","","","0.0000002415","0.0000027689","","","","0","0","0","0","","","","","415.0675255443"
"2025-08-20","80.3149133324","","","29.4239654016","0","54.9818383514","62.1907569093","58.9439011984","5.809638371","16.85004085","1033.7280027546","","12.7049203546","12.5399054114","4.4651661318","1.299685","9.074993423","7.4542141927","5.452566228","2.3653210018","2.4023638025","4.984300284","0.00955","0.8986693658","1.040006064","2.994","0.3123204","0.3103536","","0.0875022581","0.0129032256","0.014701","","0.0074961422","0.0000416346","","","0.0000009662","0.0000055365","","","","0","0","0","0","","","","-1020","390.6740431915"
"2025-08-21","80.3144002047","","","35.2748469787","","55.3268381281","62.6699038173","60.0749114031","5.612057657","16.842210898","13.728002805","","12.7012768192","12.5015877719","4.5232372315","1.356703","9.1589954896","7.2614470485","5.269452828","2.3688599119","2.4016085815","5.3011176138","0.00955","0.9611850518","1.039373064","7.71","0.3644388","0.2869496","","0.0875725806","0.0129032256","0.016958","","0.0021034828","0.0000431504","","","0.0000007246","0.0000055352","","","","0","0","0","0","","","","","403.1785414028"
"2025-08-22","22254.9376171856","","","36.8243302247","2223.34","53.7249292594","57.9730618082","59.7324976242","4.8875388979","15.7836831793","13.7280028356","","12.6985495636","12.419238462","4.1904040108","1.232","8.6292366586","7.0956748595","5.118644628","2.371744135","2.4016423639","4.90309635","0.0097","0.8236098938","1.028120064","0.657","0.3141076","0.2766766","","0.0865087097","0.0129032256","0.012484","0.02","0.0015024882","0.0000441944","0","","0.0000010747","0.0000055352","","","","0","0","0","0","","","","","24785.2345554319"
"2025-08-23","18.8684731359","","","28.1249706252","","52.4644790931","41.4099281335","39.1165956559","4.4264854421","12.4302016628","13.7280028374","","12.7007398919","11.8130659244","3.1256544131","0.659549","5.478017237","3.0175974086","3.316765428","2.3728622856","2.4020951274","4.4446954681","0.00955","0.6495567521","1.013381064","0.081","0.2150088","0.220537","","0.08766","0.0129032256","0.011436","","0.0005008284","0.0000437688","","","0.0000007246","","","","","0","0","0","0","","","","","262.2017569335"
"2025-08-24","18.8671460968","","","27.9280134741","","53.1101255104","41.4383268901","38.8305699822","4.689964474","12.4944200125","13.7280027798","","12.6958907627","11.7686557192","3.1225354567","0.642689","5.4366246813","2.9919029629","3.320082228","2.3728622856","2.4015320956","4.4549572333","0.00955","0.6431014102","1.015640064","0.078","0.2246752","0.2257534","","0.0876545161","0.0129032256","0.011346","","0.0012019888","0.0000437688","","","0","","","","","0","0","0","0","","","","","262.6041712187"
"2025-08-25","18.9355732481","","","29.7248943003","","54.026351006","59.8750959607","59.7193631173","5.3486427267","16.4378781674","13.7280026967","","12.7057874455","12.5722732532","4.3416411378","1.308512","9.0929139893","7.7488249395","5.381806428","2.3760661127","2.4017569591","4.9272325305","0.00955","0.9337012681","1.043360064","0.756","0.3429448","0.3079285","","0.0877335484","0.0129032256","0.012946","0.01","0.0025039815","0.0000503041","0.01","","0.0000010014","0.0000138419","","","","0","0","0","0","","","","","324.1822525538"
"2025-08-26","18.9303088885","","","37.696329714","","53.857707114","63.806696722","62.6053487716","5.4803926696","16.6172389165","13.7280026739","","12.7031436453","12.5556236709","4.6402255077","1.487014","9.1420132548","7.8522524645","5.663612544","2.3862376261","2.4021400949","4.9133198829","0.158655","0.8986329231","1.021415064","0.357","0.3693176","0.3022782431","","0.0875390323","0.0129032256","0.012228","","0.0014023233","0.00005405","","","0.0000041061","0.0000027689","","","","0","0","0","0","","","","","339.6890404976"
"2025-08-27","18.9318750257","","","36.8206971612","","53.0847121595","60.6166657527","76.9544834004","5.9414589405","17.0167294344","13.7280026802","","12.70590286","13.4856333079","4.672794236","1.581949","9.2418880542","7.8642792313","5.683302828","2.3861093649","2.4024871857","4.9053672876","0.010595","1.0892030695","1.044977064","0.21","0.3543156","0.3078939","","0.0872245161","0.0129032256","0.012267","","0.0034056469","0.0000577223","","","0.0000037251","0.0000055378","","","","0","0","0","0","","","","","351.1571899175"
"2025-08-28","18.9352568371","","","31.2221582734","","53.430158054","61.869134995","69.9043444146","5.5462756407","19.5918320776","13.7280027096","","12.7015721631","12.9835261078","4.8245407519","1.8981","9.7298929872","8.2707826428","5.989566828","2.3902021821","2.4020446537","4.9122823897","0.222555","4.2126099378","1.030910064","0.435","0.344092","0.4397004265","","0.0872780645","0.0129032256","0.012405","","0.0014023215","0.0000602752","","","0.0000065214","0.0000055352","","","","0","0","0","0","","","","","347.12860208"
"2025-08-29","18.9399345324","","","36.6568216741","","51.411343089","60.5723844783","51.6189225029","5.2169799578","16.7318164129","13.7280027075","","12.7002163224","12.4879374212","4.4077106777","1.395446","9.1434963533","7.7754700478","5.468156028","2.3939255823","2.4017079778","4.8885243781","0.01173","1.3049735057","1.019831064","0.108","0.3142232","0.3603591262","","0.0872777419","0.0129032256","0.012025","","0.0009013279","0.0000665446","","","0.000021497","","","","","0","0","0","0","","","","","321.1711083764"
"2025-08-30","18.8702015694","","","31.0363037752","","50.4953342044","43.6385049915","33.9493709036","4.8217829555","12.886266821","13.7280026868","","12.6933352371","11.8521149785","3.2443281108","0.727211","5.6736028387","3.2897277254","3.472581228","2.3943890572","2.4020785568","4.4451167659","0.0096","0.8816689653","1.013978064","0.069","0.2137944","0.2720192","","0.0873319355","0.0129032256","0.011498","","0.0004006616","0.0000704818","","","0.0000038645","","","","","0","0","0","0","","","","","262.1925222041"
"2025-08-31","18.8731352699","","","28.3012683989","","50.6146890544","43.5462073989","35.5537694234","5.0852623789","12.9236218171","13.7280026367","","12.6933787294","11.9042176575","3.2446568737","0.73445","5.7098759704","3.6796261594","3.529590228","2.3918101584","2.4018639224","4.4566518074","0.0096","0.9821971496","1.017365064","0.084","0.2351832","0.285537","","0.1576816667","0.0129032256","0.011485","","0.0006009956","0.0000705973","","","0.0000024153","","","","","0","0","0","0","","","","","262.1687041989"
"2025-09-01","19.5723225886","","3546.94","1360.3488698195","1451.63","53.9544477465","64.5009747168","15.5179717375","725.8761375901","8.7147208187","13.7072109185","","12.7009536452","13.036153355","4.7304156509","1.512531","9.9827640103","8.8213061719","6.172994076","2.4761829187","2.4028014231","4.8794271039","0.00965","0.0000589059","0.9845913336","0.198","2.3638172","0.0907992","","0.087418","0.0133333344","0.012593","0","0.0163268099","0.0000779451","0","","0","0.00001161","","0.0000000255","","0","0","0","0","","","","","7331.2548626556"
"2025-09-02","19.5824797056","","","35.9070727042","","54.0881117782","63.303416369","74.0465584004","5.6785514473","15.0174020908","11.5024035705","","12.7168508456","13.0068724394","4.5475507658","1.315543","9.5397593541","7.9653531084","5.884837476","2.4806414392","2.4047924677","4.9023101963","0.02006","0.0157226748","1.0361673336","0.117","0.3760644","0.162802","","0.0985833333","0.0134283344","0.012105","","0.0027044664","0.0000798972","","","0.0000021737","0.0000110743","","","","0","0","0","0","","","","","345.7452378462"
"2025-09-03","19.5560076651","","","34.9039544723","","56.6429688662","64.0876952762","58.0430120841","5.6127069476","16.7943111104","10.9824","","12.7059430865","12.5374722106","5.8110742559","2.47935","9.040740788","7.6681631466","5.6687342094","2.487574807","2.4025424374","4.903300958","1.487675","0.0144534176","1.0425333336","0.186","0.3089836","0.3099341","9","0.0886846667","0.0133333344","0.012355","","0.0026043164","0.0000824458","","","0.000003623","0.0000069865","","","","0","0","0","0","","","","","344.7946021453"
"2025-09-04","19.5550413865","","","34.33276013","","55.8498673573","62.9450723847","60.2704098122","5.6785919284","15.011645712","10.9824","","12.7052665368","12.5031903951","4.5807917609","1.340285","9.0698425891","7.4652108193","5.468730876","2.4920732192","2.4025605873","4.9027448179","0.00955","0.0140790673","1.0333353336","0.228","0.3725116","0.3067467","","0.088124","0.0133333344","0.012093","","0.0032326526","0.0000864312","","","0.000000483","0.0000137007","","","","0","0","0","0","","","","","329.6375916155"
"2025-09-05","19.5526841627","","","34.3783806509","","56.8748843407","60.3691693268","57.2480550826","5.2175303555","14.5179701729","10.9824","","12.7024616548","12.5109030804","4.4799505845","1.300269","8.8150395339","7.4222877504","5.2703426094","2.4962951546","2.4021754582","4.8868619207","0.00955","0.0135700178","1.0312233336","0.165","0.326222","0.3077656","","0.0883566667","0.0133333344","0.011971","","0.0013021593","0.0000875232","","","0.0000019323","","","","","0","0","0","0","","","","","323.3960444063"
"2025-09-06","19.498587522","","","29.5078985938","","54.7628941095","44.9989812297","40.1204825235","4.7564773434","12.1259964051","10.9824","","12.6950396537","11.8698650468","3.4022075632","0.726439","5.8057232484","3.2580410952","3.485523876","2.4976953456","2.405754896","4.4452904324","0.0096","0.0114926608","1.0151913336","0.06","0.2348184","0.2706771","","0.0884013333","0.0133333344","0.011557","","","0.0000883114","","","0.0000002415","","","","","0","0","0","0","","","","","269.0604575993"
"2025-09-07","19.4973866253","","","28.9372241979","","54.5183027664","45.4141093712","39.6075621936","4.6906209943","12.3833424084","10.9824","","12.6973230022","11.8880910357","3.3825615411","0.705056","5.8115216719","3.3147880548","3.472798476","2.4976953456","2.4024233962","4.4579741778","0.00955","0.5834455641","1.0182633336","0.084","0.2121304","0.2758223","","0.088421","0.0133333344","0.011576","","0.0002003299","0.0000888744","","","0.000000483","","","","","0","0","0","0","","","","","268.9580128778"
"2025-09-08","19.5652555619","","","32.4943402409","","59.8682804998","64.5788044648","62.1273341892","6.0068378432","15.7943937328","10.9824","","12.7063211267","12.8715853734","4.7670124604","1.435918","9.3933418484","8.1344057471","5.5706276094","2.5021722435","2.4031979467","4.9144184502","0.13557","0.8596863056","1.0431123336","0.258","0.3662752","0.288608","","0.0884533333","0.0133333344","0.012395","","0.0029048055","0.0000900716","","","0.0000005852","0.0000027676","","","","0","0","0","0","","","","","339.1850790752"
"2025-09-09","19.5640400488","","","34.7335087243","","57.7527257186","62.3503234877","76.0948890526","5.4140238218","21.2177677057","10.9824","","12.7058319227","12.7191378714","4.4956398067","1.330362","9.4295784371","8.1043375398","5.6557219428","2.5077755446","2.4064230243","4.9082870636","0.01084","1.1103122842","1.0331283336","0.363","0.3424572","0.3272755","","0.0875096667","0.0133333344","0.012161","","0.0028046411","0.0000903168","","","0.0000048305","0.0000027881","","","","0","0","0","0","","","","","355.6756936079"
"2025-09-10","19.5667492601","","","34.9207953675","","60.8600713722","61.957454947","78.0824903591","5.9409813636","16.2776876256","10.9824","","12.6996328397","12.6564345739","4.5730252316","1.390892","9.6158448218","8.143908577","5.841057276","2.5164715557","2.4080504034","4.9066884645","0.03471","1.1788226565","1.0465773336","0.252","0.3436016","0.373998283","","0.088464","0.0133333344","0.012191","","0.0025041495","0.0000910863","","","0.0000041062","0.0000027689","","","","0","0","0","0","","","","","356.6869363571"
"2025-09-11","19.558342264","","","33.4433245859","","58.0686619133","61.5874625925","63.8147404767","5.3482093371","15.8416546668","10.9824","","12.7009638709","12.5626021884","4.4904035061","1.314983","8.8577481244","7.299678783","5.416235076","2.5224894288","2.4042546507","4.9001016194","0.03599","1.5952256427","1.0311663336","0.213","0.31594","0.3079623","","0.0885836667","0.0133333344","0.012251","","0.0028046403","0.0000941401","","","0.000000966","0.0000055365","","","","0","0","0","0","","","","","334.7306136443"
"2025-09-12","19.556606558","","","32.8611166012","","57.1158973386","59.7916218769","59.2364557797","4.8212917022","15.5047111096","10.9824","","12.7023322402","12.4710368791","4.4218275225","1.345449","8.7836354984","7.202438621","5.127788076","2.5246523013","2.4058764039","4.884313617","0.166725","2.4515289197","1.0232013336","0.114","0.319042","0.3363285","","0.088604","0.0133333344","0.012533","","0.0016026517","0.0000960036","","","0.0000055552","0.0000055352","","","","0","0","0","0","","","","","326.266456959"
"2025-09-13","19.4996324689","","","32.3625549865","","54.6015489964","44.320931909","43.6574684803","4.689573784","12.5862131273","10.9824","","12.6933384951","11.9099560584","3.3071886453","0.669447","5.8951054295","3.3765267567","3.452816676","2.5253759088","2.4131022683","4.4453695234","0.00955","0.6933271602","1.0144563336","0.066","0.2580876","0.2376657","","0.0886343333","0.0133333344","0.011367","","0.000801326","0.0000962208","","","0.0000007245","","","","","0","0","0","0","","","","","275.7818702467"
"2025-09-14","19.4992745396","","","27.6559045371","","54.7223658165","44.6916123478","39.8776787243","4.7554520571","12.7282088863","10.9824","","12.6933363829","11.7755485327","3.3208487984","0.650114","5.6661303203","3.0501895523","3.364564476","2.5253759088","2.4068715314","4.4551929506","0.00955","0.6738382186","1.0167153336","0.081","0.2012912","0.2588635","","0.0885746667","0.0133333344","0.011347","","0.0002003312","0.0000962208","","","0.0000016907","","","","","0","0","0","0","","","","","267.1758808581"
"2025-09-15","19.5055763271","","","27.3083561518","","58.708376453","51.2473816169","46.6922271744","5.1506846076","13.9737311884","10.9824","","12.6943404801","12.0390926658","3.7043896265","0.766061","6.3700235729","3.9105749136","3.683871876","2.525376098","2.4048445329","4.8894059227","0.00955","0.7559871452","1.0211943336","0.153","0.2194732","0.2727997","","0.088373","0.0133333344","0.011754","0","0.0008013244","0.0000975748","0","","0.0000013081","","","","","0","0","0","0","","","","","289.1030791282"
"2025-09-16","19.5815995864","","","33.6249696883","","58.5484853577","64.3236204122","76.4816676168","5.7434882412","17.3970181995","10.9824","","12.7007778837","13.1872521735","4.8982406796","1.696538","9.784222023","8.553023987","5.9603606094","2.52812553","2.4042209599","4.9080999176","0.27669","4.361498567","1.0366743336","0.093","0.4081576","0.4922289","","0.0871146667","0.0133333344","0.012486","","0.0014023204","0.0000985342","","","0.0000213613","0.0000055365","","","","0","0","0","0","","","","","360.0868220199"
"2025-09-17","19.5757783947","","","40.6953943186","","56.8138871638","64.4181712294","75.3728803461","5.8752408985","17.6090462209","10.9824","","12.7001526581","12.628407718","4.8791047185","1.709676","10.0611708727","8.9008806607","5.853959076","2.5333301915","2.4034760164","4.9043137959","0.01972","11.7449711898","1.0406763336","0.114","0.421534","0.5650009303","","0.088147","0.0133333344","0.014342","","0.0026043165","0.0001023094","","","0.0000016761","0.0000110704","","","","0","0","0","0","","0","","","371.9417144403"
"2025-09-18","19.5814075588","22793.52","","35.7331385611","2428.95","57.2898929096","23.0064283765","68.4481726971","5.4800807233","17.5990841645","1542.2832753333","","12.6994134739","12.5356608851","5.4296710647","2.250033","10.0651359133","8.9564761166","5.750928876","2.5378787846","2.4039586258","0.2556680309","0.904095","1.5051652187","1.0301433336","0.105","0.3847204","0.5315974","","0.0881653333","0.0133333344","0.012126","","0.0021034839","0.000105098","","","0.0000033851","0.0000096233","","","","0","0","0","0","","","","","27059.3528727054"
"2025-09-19","19.5672743231","0","","35.1795072367","","57.3030823365","21.2544702662","77.5231543242","5.414222756","16.577328529","0","","12.7033624704","12.5014341174","4.5873335565","1.368694","9.5540874074","8.5225104897","5.918374476","2.5428945119","2.4061399356","0.0306579316","0.052695","1.3478899075","1.0382673336","0.105","0.3885324","0.4287956","","0.088223","0.0133333344","0.012116","","0.0019031511","0.000105789","","","0.0000078314","","","","","0","0","0","0","","","","","296.4313980152"
"2025-09-20","19.5013686654","0","","27.8780586794","","55.3020549918","7.8414558487","49.3021647422","4.6238378081","14.2101201686","0","","12.6970961128","11.8240041885","3.6141837533","0.731761","5.9895770186","3.4311849405","3.704462676","2.544195396","2.4053111849","0.0103323959","0.00955","0.8162403898","1.0143963336","0.072","0.265852","0.3386979","","0.0873946667","0.0133333344","0.011527","","0.0002003315","0.0001065456","","","0.0000007245","","","","","0","0","0","0","","","","","228.2404687968"
"2025-09-21","19.5020007259","0","","27.8004192178","","55.0065344633","6.8953246597","44.8718544645","4.7555874378","14.1878612318","0","","12.6951601906","11.880459139","3.5709669105","0.745951","6.0617047447","3.4816772466","3.568085676","2.544195396","2.4044017826","0.0106212442","0.00955","0.9261450771","1.0147743336","0.072","0.2251904","0.3927878","","0.0883013333","0.0133333344","0.011534","","0.0006009962","0.0001067592","","","0.0000004831","","","","","0","0","0","0","","","","","222.7371300479"
"2025-09-22","19.5702790776","0","","37.8659606018","","58.5521340544","20.7277534773","75.8100235976","5.0849385832","20.5544635817","0","","12.7021311641","12.5891574137","7.8577947576","4.518585","9.0568926515","7.6921710199","5.645188476","2.5454027451","2.4047449782","0.0214198861","3.28774","4.1771626548","1.0246443336","0.108","0.3650284","0.4329887","","0.0882366667","0.0133333344","0.012613","","0.0030048048","0.0001071864","","","0.0000002415","0.000011073","","","","0","0","0","0","","","","","312.711911461"
"2025-09-23","19.5076479159","0","","29.1788237639","","55.3095454453","9.823803438","54.1034882667","5.0849642134","14.5875728395","0","","12.69535955","11.9583886788","3.7141696652","0.799305","6.2802190741","3.915709992","3.970788876","2.5458082512","2.4048130226","0.0107112363","0.00955","0.9384792533","1.0182693336","0.096","0.2808492","0.4140138","","0.0881233333","0.0133333344","0.011677","","0.0008013248","0.0001085227","","","0","","","","","0","0","0","0","","","","","238.762324331"
"2025-09-24","19.5721444556","0","","33.9441831162","","57.7421641761","21.6456277569","63.9467217018","5.7436312431","17.0264807155","0","","12.7082891883","12.599724411","4.7878777943","1.575836","9.4455517137","8.1232578842","5.644367676","2.5493270606","2.4044340657","0.0225494161","0.13547","1.4190375877","1.0381683336","0.111","0.3701428","0.4669579","","0.0880966667","0.0133683344","0.012352","","0.004307133","0.0001114684","","","0.0000005852","0.0000097554","","","","0","0","0","0","","","","","283.1411909395"
"2025-09-25","19.5677150685","0","","32.6846703793","","55.3349001067","22.0596158471","64.655484797","5.4143243111","16.8715236862","0","","12.7082771236","12.5091601895","4.751734858","1.518015","9.7599010644","8.0628765106","5.671143876","2.553675335","2.4052661005","0.0298328251","0.12261","1.4647533509","1.0362003336","0.126","0.3164088","0.4596704","","0.0870393333","0.0136283344","0.012022","","0.0009013253","0.0001176331","","0.003126","0.0000008267","","","","","0","0","0","0","","","","","280.2005954159"
"2025-09-26","19.5567560016","0","","33.5214164698","","54.4272622172","21.870344341","51.1585475418","5.0850141427","18.0458085013","0","","12.708644647","12.3815070521","5.8513840564","2.57466","8.9836528645","7.6993768508","5.450756076","2.5578165339","2.4065699875","0.0242650841","1.359425","1.1234890611","1.0263333336","0.084","0.3893712","0.42229","","0.0879306667","0.0133333344","0.011846","","0.0014023216","0.0001205671","","","0.000000483","","","","","0","0","0","0","","","","","268.8233243352"
"2025-09-27","19.5005894367","0","","33.5881820187","","52.861129522","8.9250685198","36.0098987226","4.7557014687","14.4898113643","0","","12.6975762406","11.8213099797","3.6322917121","0.724805","6.0636483152","3.5417824175","3.609669276","2.5582409016","2.4055330057","0.0121009996","0.0096","0.8372263901","1.0151913336","0.078","0.2164712","0.3655948","","0.0879666667","0.0133333344","0.011621","","0.0007011585","0.000122544","","","0","","","","","0","0","0","0","","","","","219.8331673281"
"2025-09-28","19.5025047877","0","","28.2101004883","","52.9556115567","9.1312971423","38.2461934713","4.8874530037","14.6266283344","0","","12.6975537622","11.8554628286","3.6505871375","0.768421","6.2127206618","3.6601807027","3.593803476","2.5582409016","2.4055016975","0.0119316417","0.00955","1.2216138343","1.0154883336","0.09","0.2202924","0.4334469","","0.0879573333","0.0133333344","0.011693","","0.0009014907","0.000122544","","","0.0000070045","","","","","0","0","0","0","","","","","218.0785987688"
"2025-09-29","19.6523898623","0","","33.0441126225","","59.9361024586","25.9067545691","53.3032317525","6.3365282103","17.4652641502","0","","12.702015744","12.7522797937","4.9179199489","1.560247","10.348535978","8.8300998694","5.844920076","2.5620250382","2.4063599386","0.032781123","0.108315","2.0593317077","1.0352403336","0.108","0.355702","0.5392789364","","0.0879926667","0.0133333344","0.012215","","0.0019031497","0.0001237422","","","0.0000265691","0.00000145","","","","0","0","0","0","","","","","281.9230320251"
"2025-09-30","19.58979249","0","","39.2558135769","","56.1742091463","27.810695905","54.4294344969","5.8755075361","17.4594448969","0","","12.7050701699","12.8107008752","4.9612082911","1.51288","10.3556370641","8.7629129789","5.887770876","2.5680508225","2.4058677037","0.0362792333","0.00985","1.7939034255","1.0396893336","0.123","0.4154892","0.4945879","","0.1568941935","0.0133333344","0.012277","","0.0029048055","0.0001314608","","","0.0000258447","","","","","0","0","0","0","","","","","286.6633625608"
"2025-10-01","18.9411922756","0","1855.88","1402.5052278947","1178.46","53.4525171866","22.5620979186","9.7930094193","749.8750905094","8.7381107415","108.9216","950","12.7033153686","12.7754857763","5.1843170481","2.039056","9.7614611777","8.6116628257","1.419354828","2.4904251259","2.405261146","0.0000064061","0.359795","0.0000447071","0.986156064","0.156","2.3866296","0.0991924","","0.0857632258","0.0129032256","0.012621","0","0.0123203624","0.0001321968","0","","0","0.00000387","","","","0","0","0","0","","","","","6420.6307532998"
"2025-10-02","18.9334712492","0","","31.5292715995","","57.2647282409","22.1923803635","11.3769154953","5.9409960831","19.5807869431","0","","12.7081182065","12.6702744244","8.2728651417","5.073333","9.4141322178","8.2904308319","1.419354828","2.4958110129","2.4056078928","0.0205144225","4.386495","9.4984982161","1.029290064","0.114","0.3907768","0.3938607","","0.1468809677","0.0129032256","0.012799","","0.0055091003","0.0001337233","","","0","0.0000055352","","","","0","0","0","0","","","","","245.5801442853"
"2025-10-03","18.9302119782","0","","33.3712196924","","58.0160814381","20.3319405408","14.947028297","5.348197278","16.4013783462","0","","12.706249519","12.5366430159","5.9775710852","2.847953","9.0367047975","7.6789857108","1.419354828","2.4987594935","2.4077662307","0.0350210768","1.742455","1.7674005308","1.024319064","0.108","0.3345404","0.4619576","","0.0868870968","0.0129082256","0.012208","","0.0020031454","0.0001337382","","","0.0000137625","0.000011073","0.00002","","","0","0","0","0","","","","","230.0439239644"
"2025-10-04","18.8751703833","0","","33.2138021867","","54.818723322","9.2062332865","10.2547806883","4.6236846263","13.1145411938","0","","12.7022268438","11.8805377398","3.6326642665","0.788564","6.2351155062","3.8434311109","3.746443428","2.49925026","2.4051276119","0.0129407248","0.00965","1.2597086017","1.014125064","0.075","0.2405688","0.4070482","","0.0868432258","0.0129082256","0.011818","","0.0023038033","0.00013374","","","0.000004106","","0.00001","","","0","0","0","0","","","","","194.9733589452"
"2025-10-05","18.8785843808","0","","26.9033337691","","54.2360238604","9.0186368825","8.5213855477","4.6237008866","13.1507107909","0","","12.6937726497","11.8457863206","3.579024027","0.775863","6.1674186675","3.7085897255","3.646626228","2.49925026","2.4049819662","0.0130970557","0.00955","1.3543864389","1.014989064","0.084","0.2580704","0.4308174","","0.0867280645","0.0129032256","0.011733","","0.0005008277","0.0001338074","","","0.0000089369","","0.00001","","","0","0","0","0","","","","","185.9306171832"
"2025-10-06","18.9410924763","0","","39.6130504365","","55.6749173457","22.5813621207","13.7945938795","5.8093132172","15.4465591365","0","","12.6998342544","12.6578770276","5.0530426096","1.892885","9.543383078","8.3138524819","1.43548386","2.5018029083","2.4042368922","0.0294790958","0.590145","1.7782733271","1.032314064","0.09","0.3842448","0.4410612","9","0.0867083871","0.0129132256","0.012226","","0.0017028133","0.0001352331","","","0.0000228067","0.000011073","0.00004","","","0","0","0","0","","","","","241.8225637501"
"2025-10-07","18.930974071","0","","33.2838318876","","57.0061491332","22.5664210093","13.6823756276","5.4142387544","19.2548718208","0","","12.7022132175","13.0860570838","8.1366060179","4.858232","9.3363125191","8.0756465727","1.419355428","2.5040855121","2.4050158328","0.0315733447","2.66642","1.5461133962","1.024046064","0.12","0.3605564","0.4452772143","","0.0865467742","0.0129032256","0.012073","","0.0015024844","0.0001351584","","","0.0000094198","","","","","0","0","0","0","","","","","238.9695429694"
"2025-10-08","18.9294538945","0","","29.1084124671","","56.6178100815","22.2333989192","14.21103871","5.150861904","15.7482095318","0","","12.7087852575","12.6737155834","4.4791039658","1.412944","9.3135389266","7.9455507664","1.419354828","2.50750011","2.4080031357","0.0364879961","0.02984","2.4500867547","1.023503064","0.105","0.3992924","0.5433187","","0.0858929032","0.0129032256","0.012065","","0.0037059715","0.0001351584","","","0.0000207722","0.0000027676","","","","0","0","0","0","","","","","221.5699367948"
"2025-10-09","18.9447628222","0","","27.8005005932","","55.9285769839","24.278008957","13.9975841787","5.4143428934","17.1387375635","0","","12.7013941997","12.5313851787","5.2121994597","2.000158","9.4055543225","7.8178319562","1.419354828","2.5121644186","2.4136688937","0.0326734251","0.49085","9.8390396477","1.036106064","0.099","0.4140968","0.4875457","","0.086826129","0.0129582256","0.014829","","0.0018029827","0.0001351584","","","0.0000229578","0.0000235931","0.00001","","","0","0","0","0","","","","","232.0321449324"
"2025-10-10","18.9255600743","0","","40.541641076","","56.8577244756","23.7660178133","12.9150813855","4.7556863298","15.8694920735","0","","12.7060186938","12.5086121991","4.5222444416","1.367504","9.1008590826","7.6931953239","1.419354828","2.5149795457","2.4113344522","0.0413846625","0.19776","1.5812053804","1.018847064","0.102","0.3492848","0.4337941","","0.0860209677","0.0129032256","0.011769","","0.0012019917","0.0001364608","","","0.0000050722","","0.00001","","","0","0","0","0","","","","","231.7116285198"
"2025-10-11","18.873425349","0","","28.1825702492","","53.8942260019","10.98879034","8.3755054376","4.4922338416","13.9868182456","0","","12.6954462551","11.807637959","3.6198282054","0.753353","6.0931720038","3.6267012403","3.563051628","2.5154570064","2.4078506415","0.01298638","0.0096","1.3275135585","1.013381064","0.066","0.2780968","0.4132458","","0.0868867742","0.0129082256","0.011628","","0.0004006629","0.0001364664","","","0.0000038644","","0.00002","","","0","0","0","0","","","","","189.1088750004"
"2025-10-12","18.8682559657","0","","31.8363490447","","53.6348126344","10.9389630971","7.4704969387","4.953313815","14.0424124855","0","","12.6961394418","11.7572564474","3.6130122875","0.728642","5.9702030094","3.3705893324","3.420365628","2.5154570064","2.4070151407","0.0124299249","0.0096","1.7068524502","1.015193064","0.09","0.2434732","0.4275417","","0.0868383871","0.0129032256","0.011799","","0.0005008284","0.0001364664","","","0.0000123182","","","","","0","0","0","0","","","","","191.8405648395"
"2025-10-13","18.8778422788","0","","28.5395937522","","54.8051324897","12.9734769998","9.0901641066","5.150924022","14.4457517735","0","","12.6971364131","11.9999984966","3.7565504091","0.882212","6.5657435593","4.1168310351","3.792855228","2.5154570064","2.4115091844","0.0172328022","0.00965","1.9977947443","1.014413064","0.099","0.2679344","0.4449216","","0.0867003226","0.0129032256","0.011944","","0.0007011597","0.0001364664","","","0.0000396122","","","","","0","0","0","0","","","","","196.5845501516"
"2025-10-14","18.9448970624","0","","31.6801882457","","56.618938432","27.7686754366","14.5995308354","6.4024061432","17.0205570671","0","","12.7049401467","12.8524064994","4.8291828013","1.517986","10.1621028222","8.9742796333","1.419354828","2.5208016191","2.410530145","0.0426363696","0.066975","1.8886556731","1.055192064","0.12","0.3720668","0.4581201","","0.0867032258","0.0129132256","0.012664","","0.0024039791","0.000136956","","0.003126","0.0000218033","0.0000055352","","","","0","0","0","0","","","","","234.5483984491"
"2025-10-15","18.9411387753","0","","34.2177015074","","56.5085119108","23.2115802872","14.1886231301","5.8754666104","17.176266487","0","","12.7010461976","12.5481533187","4.8131565881","1.763216","9.881223092","8.4611935616","1.419354828","2.5273591804","2.4213779958","0.0379651157","0.353045","2.3279760074","1.036424064","0.168","0.3577532","0.4887391","","0.0867112903","0.0129132256","0.01253","0","0.0034056464","0.0001390308","0","","0.0000242581","","0.00001","","","0","0","0","0","","","","","231.5410054087"
"2025-10-16","18.9373595287","0","","35.1840992179","","55.0585989114","22.9583649151","13.7869424008","5.8095611933","16.540843487","0","","12.7012548581","12.4895219034","4.5221665333","1.453365","9.4390592151","8.0499840543","1.427419344","2.5325750817","2.4090695776","0.0341840145","0.03219","1.6462012403","1.037237064","0.099","0.4476928","0.4591188","","0.0866706452","0.0129082256","0.012263","","0.0010016582","0.0001403258","","","0.0000141113","0.0000027689","","","","0","0","0","0","","","","","227.1688098755"
"2025-10-17","18.9395940184","0","","34.5628498793","","57.2977341979","21.3834584691","13.5472674176","5.2167744203","16.1699111253","0","","12.7000054173","12.4753267612","4.3954734455","1.404775","9.44199936","7.8987323564","1.419354828","2.535148411","2.4210613313","0.0418442956","0.052905","1.8384889085","1.019381064","0.105","0.3647952","0.457987","","0.0866219355","0.0129032256","0.011986","","0.0024039751","0.0001411392","","","0.0000026567","","","","","0","0","0","0","","","","","225.8039268388"
"2025-10-18","18.8716340653","0","","33.6045249247","","54.0396345301","8.4510730291","10.0862496538","4.4922611422","14.0886389447","0","","12.7102838856","11.8647794022","3.5680409034","0.785018","6.4276100364","3.7226021001","3.786160428","2.5353872904","2.4095002668","0.0120414935","0.00955","1.4176314093","1.013639064","0.078","0.2330872","0.411366","","0.0866245161","0.0129032256","0.011763","","0.0005008275","0.0001411392","","","0","","","","","0","0","0","0","","","","","194.730646478"
"2025-10-19","18.8767495276","0","","29.7943223279","","55.2167399144","8.9717867702","9.1261603285","4.88747785","14.2550276097","0","","12.696323991","11.8846609393","3.5620406884","0.807348","6.537796838","3.8951447872","1.865269228","2.5353872904","2.4087978808","0.0117099115","0.0096","1.7552215809","1.016477064","0.084","0.2954756","0.4655235","","0.086593871","0.0129032256","0.011756","","0.0009014904","0.0001411392","","","0.0000004831","","","","","0","0","0","0","","","","","191.0713378371"
"2025-10-20","18.9425357231","0","","34.9301704375","","57.4698194301","24.113546941","14.0405680801","5.6779081597","17.476897247","0","","12.7111334537","13.1898376001","4.8747786775","1.778106","9.7831907853","8.4843707647","1.4274193446","2.5371505471","2.4085263017","0.0400963303","0.23965","2.3017245598","1.029668064","0.099","0.3279992","0.4984927262","","0.0846187097","0.0129032256","0.01212","","0.0017028191","0.0001469873","","","0.0000066236","0.0000027689","0.00001","","","0","0","0","0","","","","","234.4941015077"
"2025-10-21","18.9323112174","0","","32.2807809327","","54.9904815014","23.3697866282","13.0930021082","5.8096531697","16.9132785347","0","","12.7012803851","12.6278869196","4.9166135388","1.83073","10.06780735","8.5487957943","1.282258056","2.5396607695","2.4093175852","0.0526318085","0.57789","1.7620207704","1.023812064","0.105","0.3352744","0.4218312","","0.0864041935","0.0129032256","0.011982","","0.0011018253","0.0001529774","","","0.0000012075","0.0000055378","","","","0","0","0","0","","","","","226.7046557008"
"2025-10-22","18.9301119062","0","","32.1643819412","","58.2262706542","22.7835837384","13.5873860638","5.9413969791","16.3175332249","0","","12.7041179813","12.5240298545","4.5102060511","1.35712","9.5424570546","8.1890108882","1.225806444","2.5475197546","2.4085849544","1.3913770143","0.00955","1.5023282522","1.043624064","0.117","0.3833256","0.3358906","","0.0854370968","0.0129032256","0.012379","","0.0046074633","0.0001548634","","","0.0000010682","","","","","0","0","0","0","","","","","227.8580957383"
"2025-10-23","18.9257090156","0","","34.2856445495","","56.9326147832","21.8489785744","13.0445549971","5.2168819001","18.5357846266","0","","12.7113650267","12.4622516237","6.5418924072","3.329498","9.1319910761","7.568356819","1.225806444","2.5538915058","2.4138237098","0.0376844357","1.421025","1.3627905906","1.026956064","0.111","0.3945916","0.3333229","","0.0862980645","0.0129032256","0.01211","","0.0031051285","0.0001587396","","","0.0000009661","","","","","0","0","0","0","","","","","231.5309917734"
"2025-10-24","18.9301723883","0","","33.0510760967","","55.8834440838","21.2175075589","13.0712913739","5.3486063172","16.20230299","0","","12.7015166702","12.4146298609","4.698325369","1.548517","9.13449538","7.8610638429","1.225806444","2.5733343596","2.4144080272","0.0326552939","0.244255","1.3255327314","1.029899064","0.159","0.3331084","0.3401535","","0.0862090323","0.0129032256","0.01216","0","0.0019031474","0.0001621854","0","","0.0000005834","0.0000055352","","","","0","0","0","0","","","","","221.8544454612"
"2025-10-25","18.867310709","0","","28.3702054191","","53.235937978","7.6203771998","8.1229428709","5.019289415","13.9664647245","0","","12.6960773358","11.8470969664","3.5804245552","0.736786","6.1354602963","3.6148722268","3.305516844","2.5588504944","2.4118805189","0.0125082763","0.00955","1.1104196816","1.014671064","0.072","0.281022","0.3132175","","0.0861367742","0.0129032256","0.011627","","0.0003004961","0.0001633233","","","0","","","","","0","0","0","0","","","","","185.0140128952"
"2025-10-26","18.8661278083","0","","26.98468505","","52.0538281611","7.5989741129","29.2035002523","4.8875753857","13.990255915","0","","12.6942416051","11.8021592151","3.5736992225","0.730605","5.8877112833","3.4138984683","3.249099444","2.5588504944","2.4108471313","0.0125394308","0.0095","1.1471168586","1.015703064","0.075","0.235326","0.3040202","","0.085946129","0.0129082256","0.011688","","0.000400664","0.0001645056","","","0.000005797","","0.00002","","","0","0","0","0","","","","","202.8163974239"
"2025-10-27","18.9333212461","0","","36.7819803984","","57.7773787366","21.0029549498","12.9099888809","5.480400343","16.0409078635","0","","12.7021458916","12.7070975245","4.4407543637","1.315009","9.3179825438","8.1265391928","1.225806444","2.5611421593","2.4070844675","0.0345511846","0.0096","1.3458625985","1.032050064","0.117","0.314164","0.3147047","","0.0858941935","0.0129032256","0.012121","","0.0031051413","0.0001635188","","","0.0000030006","","","","","0","0","0","0","","","","","227.0126166324"
"2025-10-28","18.9302030434","0","","33.0263415166","","53.6936819532","18.7455491386","12.9347603789","4.6900320469","15.8950765267","0","","12.6989406441","12.6713982062","4.423124201","1.387838","9.1027031629","7.8428800966","1.225806444","2.5631029977","2.405753532","0.0374490389","0.11838","1.2642781172","1.020749064","0.108","0.3710944","0.3121260248","","0.0857316129","0.0129032256","0.012141","","0.0019031496","0.0001634759","","","0.0000024191","","","","","0","0","0","0","","","","","215.5821134168"
"2025-10-29","18.9359328241","0","","32.5840279923","","54.4427255661","20.5245358408","13.0950771502","5.1511039815","15.8921171625","0","","12.7045947488","12.4809414522","4.444272919","1.32174","9.0969941635","7.8719960982","1.225806444","2.5648523546","2.4077954849","0.0306655443","0.00965","1.1545471211","1.021676064","0.111","0.36709","0.3194101","","0.0856216129","0.0129032256","0.012031","","0.0032053095","0.0001639044","","","0.0000014493","","","","","0","0","0","0","","","","","217.8724795138"
"2025-10-30","18.9320455434","0","","33.7976239177","","54.5135720102","22.7998034166","13.5482342818","5.4804490195","16.6482424695","0","","12.7002218401","12.6412104371","4.9046131854","1.692157","9.2462525817","8.0756991016","1.225806444","2.5671975821","2.4071392345","0.0328946859","0.197045","1.2451939751","1.022063064","0.12","0.3670408","0.3414456","","0.0854851613","0.0129032256","0.011946","","0.0026043163","0.0001664358","","","0.0000007245","","","","","0","0","0","0","","","","","224.6190570537"
"2025-10-31","18.9315014767","0","","34.1096699655","","54.6837326791","22.2271257718","13.2541711261","4.6242118463","16.0995958248","0","","12.7123372484","12.4228637524","4.6126981026","1.459367","9.1383617577","8.2112013818","1.225806444","2.5668958752","2.4132813958","0.0358675592","0.05184","1.3117606411","1.015649064","0.081","0.3667796","0.3605709","","0.1566066667","0.0129032256","0.011894","","0.0009014934","0.0001688128","","","0.0000007246","","0.00001","","","0","0","0","0","","","","","222.0987743356"
"2025-11-01","19.5001792125","0","1228.17","1354.0293360432","1081.47","55.5921672871","8.622921464","5.0110188693","724.5587692353","7.5504828926","105.408","950","12.6972199176","11.7717563596","3.743813357","0.856833","6.3680689113","3.9860149381","1.2666666744","2.6524591742","2.4099643624","0.0000071498","0.00955","0.0000047873","0.9571263336","0.141","2.2821936","0.059112","","0.0860093333","0.0133333344","0.012022","0","0.0011018221","0.0001753863","0","","0","","","","","0","0","0","0","","","","","5589.2273074454"
"2025-11-02","19.4969735856","0","","29.1936354211","","55.6147930166","9.1837340486","4.5520214835","5.151598473","12.3371453774","0","","12.7006925771","11.6814861769","3.7742991017","0.824338","6.2212968336","3.6458007995","1.2666666744","2.652459108","2.4136185806","0","0.0096","0.0000022742","1.0167783336","0.078","0.24937","0.1599765","","0.093371","0.0133333344","0.011683","","0.0003004954","0.0001756152","","","0","","","","","0","0","0","0","","","","","182.3431498104"
"2025-11-03","19.5096921396","0","","28.070497072","","55.8252286347","10.346691764","6.2221364986","4.8881610445","13.5946950372","0","","12.6958186473","11.8077289484","3.8922547634","0.936285","6.4326372657","3.9762942699","1.2666666744","2.652459108","2.4067491149","0","0.0096","0.0000041149","1.0179063336","0.102","0.2409712","0.3010452","","0.0861936667","0.0133333344","0.011722","","0.0010014899","0.0001767588","","","0","","0.00001","","","0","0","0","0","","","","","186.3079600809"
"2025-11-04","19.5686452859","0","","33.7465196026","","55.9903939765","22.2762195899","13.5630603585","5.7446520402","15.0077455039","0","","12.7006026188","12.4085621093","4.7125263918","1.437448","9.5250354566","8.3107442099","1.2666666744","2.6549566291","2.4131221092","0","0.0614","0.000010065","1.0311033336","0.111","0.3914152","0.3575908","9","0.0861363333","0.0133383344","0.012059","","0.0026043056","0.000178954","","","0","0.00000516","","","","0","0","0","0","","","","","232.3937420425"
"2025-11-05","19.5649558208","0","","34.6951109497","","57.0810395444","21.3308420126","10.5196838811","6.1399087593","18.1504600606","0","","12.7038637878","12.4395341767","7.5231862147","4.216698","9.2968299962","8.1273710629","1.2666666744","2.6566683618","2.4096897327","0","5.257715","0.0000151433","1.0222593336","0.123","0.3263012","0.3669589","","0.0859763333","0.0133333344","0.011899","","0.0040066385","0.0001843365","","","0","","","","","0","0","0","0","","","","","235.3341582553"
"2025-11-06","19.568453038","0","","34.4806626162","","59.1159337191","20.9996836616","6.7977882893","5.6788586704","14.9914287684","0","","12.7022340428","12.3487311684","4.5926834582","1.365986","9.141229643","7.9473300368","1.2666666744","2.660572889","2.4106970114","0.0340220415","0.0096","0.1721746547","1.0304373336","0.108","0.3892384","0.3356012","","0.0860416667","0.0133333344","0.012062","","0.0052086106","0.0001868831","","","0.0000007245","0.0000055365","","","","0","0","0","0","","","","","218.2648520726"
"2025-11-07","19.5785261695","0","","35.5954380719","","62.5662104935","22.4884305189","6.2344920709","5.217805841","14.9132880979","0","","12.6996736472","12.3600459548","4.6195500027","1.344552","9.282441096","8.1291173749","1.2666666744","2.662370095","2.4138002749","0.0271383098","0.045395","1.4586427136","1.0188933336","0.108","0.3593876","0.3505487","","0.086126","0.0133483344","0.011874","","0.0064105885","0.0001865982","","","0.0000048306","","","","","0","0","0","0","","","","","224.8583643922"
"2025-11-08","19.5095188692","0","","31.0563362221","","56.5337121995","9.4775345478","8.6915391659","4.6908949921","13.476824046","0","","12.6945266635","11.8184359081","3.7498005353","0.747632","6.0001811428","3.5523423387","1.2666666744","2.6625282624","2.4102366575","0.0128982955","0.00955","0.891639663","1.0154943336","0.072","0.2256468","0.2728548","","0.0861576667","0.0133333344","0.01174","","0.0006009916","0.000186516","","","0.0000019323","","","","","0","0","0","0","","","","","190.9508145584"
"2025-11-09","19.5167946342","0","","32.747170765","","56.8481153795","8.8835946481","8.563896365","4.8885218248","13.6327439114","0","","12.7037803468","11.9162494677","3.7488327335","0.761942","5.9595018872","3.4482412144","1.2666666744","2.6625282624","2.4095181989","0.0131966277","0.00955","0.7997154781","1.0155693336","0.081","0.2204644","0.2785757","","0.086156","0.0133333344","0.011688","","0.0003004979","0.0001865853","","","0.0000002415","","","","","0","0","0","0","","","","","192.4878345118"
"2025-11-10","19.5944690289","0","","35.0938667875","","60.4953832643","23.8564585418","6.6453606374","5.8765343101","16.7302618961","0","","12.7029169968","12.6702862072","4.6901612912","1.326562","9.9652835803","8.7762694359","1.2666666744","2.6643486825","2.4137413834","0.0384412805","0.00955","1.2373239754","1.0319373336","0.108","0.3818936","0.3375163","","0.086101","0.0133333344","0.012112","","0.0027044763","0.0001892733","","0.003126","0.0000015512","0.0000027689","","","","0","0","0","0","","","","","228.0308036114"
"2025-11-11","19.5854214253","0","","34.6579536724","","62.3336112911","22.110186213","13.8516566979","5.7448404039","16.6451105723","0","","12.7041370045","12.5864762079","4.6517154503","1.385552","9.9103577233","8.5740542223","1.2666666744","2.6666360087","2.4073824767","0.0321902764","0.020945","1.3059053798","1.0307583336","0.114","0.3627636","0.3698328","","0.086093","0.0133333344","0.012065","","0.0103168837","0.0001929065","","","0.0000075896","0.0000027689","","","","0","0","0","0","","","","","234.4401649169"
"2025-11-12","19.5829735366","0","","35.8313542665","","62.0979265602","22.6271920211","13.802304197","4.6909664278","16.533650821","0","","12.7020004974","12.2371872087","4.5772686974","1.298556","10.9579081321","8.9289088438","1.2666666744","2.6766447917","2.4055678344","0.0341943463","0.01164","1.2656492915","1.0196523336","0.114","0.3425996","0.3489256","","0.0863323333","0.0133333344","0.012018","","0.003605977","0.0001959023","","","0.0000132845","0.0000027689","","","","0","0","0","0","","","","","235.4692392819"
"2025-11-13","19.5658612335","0","","34.1100409444","","58.6691378289","21.4838782243","12.9316463614","5.217912329","16.1963470645","0","","12.6994857618","12.1560786879","4.5688967824","1.287857","9.1592409456","8.0102885624","1.2666666744","2.6705487094","2.408588629","0.0320736899","0.031475","0.9726662314","1.0233873336","0.117","0.4014008","0.317045","","0.08615","0.0133333344","0.01197","","0.0020033172","0.0001979727","","","0.0000033814","0.0000083028","","","","0","0","0","0","","","","","225.4111901023"
"2025-11-14","19.5650634956","0","","36.927327434","","58.0288821672","21.7959954087","12.6500677382","5.0203430207","16.2518144394","0","","12.700758533","12.0941941557","4.5813549873","1.255167","8.8014771143","7.3213115502","1.2666666744","2.6720465111","2.4119399338","0.0296568285","0.081995","1.0775232317","1.0231383336","0.117","0.3967044","0.330444395","","0.0862216667","0.0133333344","0.012095","","0.0015024863","0.0001984468","","","0.0000099709","0.0000097541","","","0.0000000021","0","0","0","0","","","","","226.5142430137"
"2025-11-15","19.5040287182","0","","29.2818641981","","56.8828170399","9.7429361242","7.3710514494","4.8227551814","14.3290911491","0","","12.6954420998","11.6263677607","3.7324487913","0.692649","5.7395790584","3.2265958217","1.2666666744","2.6724716253","2.4087314097","0.0140573733","0.00955","0.7768224005","1.0179303336","0.129","0.2645364","0.2565875","","0.086399","0.0133333344","0.01192","0","0.0003004978","0.0001998253","0","","0.0000032405","","","","","0","0","0","0","","","","","188.576136007"
"2025-11-16","19.5064877375","0","","25.6740460159","","57.3223748208","9.2713170227","7.3268290545","4.7569019904","14.3054659185","0","","12.6959794606","11.662381778","3.7174137314","0.695226","5.8237556751","3.3053260804","1.2666666744","2.6724716256","2.4066291282","0.0148652829","0.00955","0.7389114803","1.0157463336","0.096","0.254276","0.2610948","","0.086484","0.0133333344","0.011567","","0.0007011595","0.0002020185","","","0.0000002415","","","","","0","0","0","0","","","","","184.9120043647"
"2025-11-17","19.5724213629","0","","33.8892203551","","61.0087579336","20.7520874177","12.2177843529","5.2179800846","16.299260831","0","","12.6996158092","12.2999820275","4.8908992634","1.272144","9.2378794137","8.1179820448","1.2666666744","2.6749251514","2.4059301753","0.0324251773","0.00965","0.9383668755","1.0328973336","0.102","0.3690988","0.3018829","","0.0864763333","0.0133333344","0.012051","","0.002804475","0.0002046948","","","0.0000013098","0.0000096217","","","","0","0","0","0","","","","","226.7247387529"
"2025-11-18","19.5599737623","0","","33.4981779725","","59.4143127068","18.354576984","11.6986408308","5.2838778283","16.0610236103","0","","12.6971050155","12.2365778866","4.6217852736","1.292326","8.8966732109","7.5064232832","1.2666666744","2.6774925067","2.405514978","0.0284643482","0.018","0.9875170281","1.0227513336","0.114","0.4134676","0.3129731","","0.0864763333","0.0133333344","0.012044","","0.0021034822","0.0002063076","","","0.0000096614","0.0000027689","","","","0","0","0","0","","","","","220.4824978216"
"2025-11-19","19.561686745","0","","36.5260341711","","60.0830993167","19.2578339916","12.6312630336","5.3497304712","18.1820263179","0","","12.703580943","12.1733069607","6.2323046591","3.028732","9.0391844754","7.8316007438","1.2666666744","2.6806609554","2.4063766213","0.0322913806","1.527065","1.1286503566","1.0373103336","0.105","0.370918","0.3858576","","0.0864646667","0.0133333344","0.012073","","0.0037061432","0.0002095463","","","0.000006763","0.0000138393","","","","0","0","0","0","","","","","233.6569880439"
"2025-11-20","19.5632320906","0","","34.018119828","","59.8160163195","21.3636183332","12.5912555413","5.2838867806","17.0749639596","0","","12.7036740316","12.213903154","5.2223672794","1.929298","9.0312028984","7.8542239959","1.2666666744","2.6850736434","2.4057214501","0.0326834986","0.399015","1.0673960477","1.0423293336","0.144","0.3667116","0.3669083","","0.0864703333","0.0133383344","0.012382","","0.0015024885","0.0002165368","","","0.0000024153","0.0000055378","0.00002","","","0","0","0","0","","","","","228.556205406"
"2025-11-21","19.5521057626","0","","33.2300508232","","58.7070983191","20.3929415022","11.6157139186","4.8886875076","16.2048257951","0","","12.7043018522","12.1457450175","4.6417699423","1.361284","8.785941589","7.4314493189","1.2666666744","2.685384163","2.4097270808","0.0303735683","0.173055","0.9582153583","1.0331163336","0.102","0.3524084","0.3271491","","0.0856033333","0.0133333344","0.01212","","0.0016026547","0.0002199061","","","0.0000060385","0.0000027689","","","","0","0","0","0","","","","","221.1128990626"
"2025-11-22","19.4984553779","0","","29.0447318259","","57.3904045008","8.1346457562","9.3847066669","4.8228337163","14.2276211523","0","","12.6972685058","11.699020388","3.9160198582","0.707359","5.8869461806","3.4762283702","3.2378550744","2.685548292","2.4074158335","0.0139408983","0.02314","0.6947958834","1.0300023336","0.072","0.2659864","0.2595441","","0.0857423333","0.0133333344","0.011792","","0.0011018208","0.0002222148","","","0","","","","","0","0","0","0","","","","","191.6886618176"
"2025-11-23","19.4993300534","0","","28.919377574","","57.4837195995","7.3203612539","7.5879547517","4.7569849884","14.1114403758","0","","12.6934547659","11.6204917083","3.9880927006","0.670246","5.6473598379","3.1220279504","3.1735164744","2.685548292","2.4053636835","0.0127344818","0.01969","0.7064216376","1.0289763336","0.078","0.2319276","0.2690952","","0.08572","0.0133333344","0.011607","","0.0003004969","0.000224412","","","0","","","","","0","0","0","0","","","","","188.143300506"
"2025-11-24","19.5157012544","0","","29.2619090128","","56.6988742763","13.328442867","9.8814358905","5.2839329776","14.7999945145","0","","12.6946224084","12.0919544334","3.9062362877","0.815354","6.8620668568","4.8748863047","1.2666666744","2.685548292","2.406789457","0.0304332009","0.01641","0.9669566819","1.0336143336","0.093","0.3081972","0.3190695","","0.0855396667","0.0133333344","0.011799","","0.0004006627","0.0002250984","","","0","","","","","0","0","0","0","","","","","199.2533941861"
"2025-11-25","19.5757710372","0","","35.158725888","","58.2717434722","21.6320970688","13.1504571424","5.4816808099","16.7705862123","0","","12.6993118209","12.5150000126","4.6743844993","1.412112","9.4977079799","8.3715804868","1.2666666744","2.6883593407","2.4089395496","0.0380675363","0.046125","1.1726126693","1.0553733336","0.09","0.400432","0.3670304","","0.085458","0.0133333344","0.012212","","0.0034054676","0.0002262222","","","0.0000042082","","0.00001","","","0","0","0","0","","","","","228.8594141666"
"2025-11-26","19.5756072579","0","","34.4423463062","","64.3498326993","21.8116222408","13.3456847744","5.416125707","32.7853364467","0","","12.6988868318","12.2275614485","18.3322341256","14.521548","9.3929161457","8.2969879531","1.2666666744","2.6929933098","2.408471778","0.0294995787","13.640885","40.795741451","1.0542993336","0.108","0.3892344","0.4474835","","0.0854973333","0.0133933344","0.014536","","0.0040064721","0.0002286901","","","0.0000263277","0.0000083028","","","","0","0","0","0","","","","","330.1476614229"
"2025-11-27","19.5667854176","0","","33.7013196611","","61.195209418","20.8591858042","12.9380862268","5.5479864966","18.5654700527","0","","12.7097831936","12.2120568697","6.5397906741","2.916183","9.2229221963","7.8665058525","1.2666666744","2.6951892044","2.4076864476","0.0306481985","1.74505","1.1282581113","1.0484853336","0.099","0.3927952","0.3815047","","0.086453","0.0136633344","0.012272","","0.0046074574","0.0002279856","","","0.0000103862","","","","","0","0","0","0","","","","","235.1538028966"
"2025-11-28","19.5678913101","0","","35.2522798426","","58.3077236281","20.5006874608","12.7380273002","6.5360205666","20.7498808468","0","","12.701548082","12.2339643852","8.6096621091","4.95051","9.2985329972","8.0048132507","1.2666666744","2.6981205412","2.4094890811","0.0265852658","3.90602","1.079955347","1.0503423336","0.123","0.3765016","0.3711914","","0.0864256667","0.0228352922","0.012157","","0.0016026491","0.0002296197","","","0.0000053138","","0.00001","","","0","0","0","0","","","","","242.882679564"
"2025-11-29","19.497746071","0","","28.8947019978","","55.6244487663","6.4929242896","7.933400796","4.6259117663","14.2696563783","0","","12.6930106556","11.6524900155","3.6231717695","0.717281","5.9529225134","3.4085194591","2.4878842744","2.6985040656","2.4112011687","0.0119016716","0.0095","0.7472477901","1.0410963336","0.075","0.2556892","0.2757719","","0.0864723333","0.0266716688","0.01176","","0.0002003313","0.0002300223","","","0.000000966","","","","","0","0","0","0","","","","","185.5253172041"
"2025-11-30","19.5013441236","0","","29.2204933669","","56.0543661693","7.266698258","8.6246051941","4.8235357541","14.5381214499","0","","12.6934050497","11.8443456235","3.7182534905","0.810523","6.3911490559","3.7709155085","1.2666666744","2.6985040656","2.4079152397","0.0123583325","0.0096","0.9229512309","1.0428453336","0.078","0.2390192","0.3155142","","0.1553419355","0.0266666688","0.011876","","0.0013021516","0.0002303928","","","0.0000012076","","","","","0","0","0","0","","","","","188.446548677"
"2025-12-01","18.956997249","0","1910.7","1411.9199063181","1156.33","55.8657121032","23.424910797","6.6052368311","749.8769386504","8.2476169386","108.9216","950","12.7093927731","12.6222213518","4.7944376953","1.625798","10.018496098","9.0119745819","1.225806444","2.6137585045","2.4098557353","0.0000074508","0.078465","0.000012927","1.000877064","0.174","2.3946824","0.0800476","9","0.0840693548","0.0258064512","0.012625","0","0.0034056257","0.000226181","0","","0","0.00000258","","","","0","0","0","0","","","","","6470.7348877058"
"2025-12-02","18.9425141916","0","","43.0107504231","","59.2293749051","25.1746290094","7.633833685","5.8769700487","16.3898094988","0","","12.7007749713","12.4630174584","6.2025318771","2.470687","9.8966864457","9.2541956532","1.225806444","2.6174456508","2.4084081844","0.0223700981","0.365675","0.0000124134","1.069904064","0.096","0.3761648","0.2442642","","0.0956080645","0.0258064512","0.012543","","0.003205298","0.0002279382","","","0.0000064844","","","","","0","0","0","0","","","","","237.8092232584"
"2025-12-03","18.9327504148","0","","26.9839615697","","58.1689961519","21.5220794796","6.0419732866","5.4159372902","15.0138464471","0","","12.2577801876","11.7278407422","4.7589909978","1.495592","8.9381839432","7.8524809452","1.225806444","2.6201817289","2.4092218498","0.0309398748","0.041295","0.0178041113","1.051844064","0.144","0.376964","0.3622726","","0.0855648387","0.0258064512","0.012392","","0.0022036516","0.0002333338","","","0.00000942","0.0000069878","","","","0","0","0","0","","","","","207.5169598118"
"2025-12-04","18.9569944279","0","","32.9678575713","","58.6883392174","17.2105604314","3.9071550498","6.011346754","15.5088142627","0","","10.6259198648","9.6578406875","4.614515126","1.88861","9.3692150726","8.2451937679","1.225806444","2.6235081528","1.4122048491","0.0395764634","0.214905","0.0157907684","1.066037064","0.246","0.4563492","0.3336588","","0.0855716129","0.0258064512","0.012585","","0.0022036438","0.0002368595","","","0.0000070314","","","","","0","0","0","0","","","0","","205.4126095738"
"2025-12-05","18.9282087947","0","","31.1091562937","","57.8614535048","15.2819415564","6.2503562359","4.954910091","14.3055043418","0","","10.297447039","9.1988003132","4.2268778376","1.198617","8.5288517661","7.4790748784","1.225806444","2.6241953712","1.2114598049","0.039542983","0.0334","0.0152227648","1.041569064","0.087","0.3719864","0.3286088","","0.0846206452","0.0258064512","0.012008","","0.0025041413","0.000237048","","","0.0000041061","","","","","0","0","0","0","","","","","196.7251716763"
"2025-12-06","18.8696885706","0","","26.1134078379","","56.1747838331","4.0225668787","6.2571560574","4.9549237935","13.2711551071","0","","10.2933788473","8.7021703449","3.5452889784","0.692862","5.6187369253","3.2788687707","1.225806444","2.6241953712","1.2117224261","0.0206805688","0.03245","0.01427492","1.042085064","0.072","0.2491124","0.2751457","","0.0846880645","0.0258064512","0.01188","","0.000400662","0.0002376617","","","0.000000483","","","","","0","0","0","0","","","","","168.6854741614"
"2025-12-07","18.8907442487","0","","29.0041256881","","56.03628745","3.2206454845","8.0650537822","4.5597364221","13.3435426035","0","","10.2930678489","8.7776282428","3.7011080219","0.687824","5.8124033002","3.3957226185","1.225806444","2.6241953712","1.2127539794","0.0235779101","0.0267","0.6553375886","1.040021064","0.081","0.2797544","0.2772453","","0.0857","0.0258064512","0.01184","","0.0001001663","0.0002392083","","","0.0000012076","","","","","0","0","0","0","","","","","173.3579688021"
"2025-12-08","18.9434498041","0","","31.3224612369","","69.5818914943","18.7842885238","6.9946247893","5.877100366","36.7617079053","0","","10.2992561575","9.4546898904","23.5351352626","19.276843","9.0850316937","8.0861640922","1.225806444","2.6259650371","1.2112144285","0.0495297292","20.60111","1.0016011571","1.057502064","0.105","0.3990652","0.3261742","","0.0853258065","0.0258064512","0.012362","","0.0032052976","0.000240477","","","0.0000054159","","","","","0","0","0","0","","","","","296.7325579242"
"2025-12-09","18.9345269433","0","","31.2250939046","","61.0054478682","19.4310475589","6.2259252554","5.5477770171","17.4050249916","0","","10.2988337541","9.3876245033","5.2517300824","2.04339","9.0489409444","8.0026484299","1.225806444","2.6272940482","1.2116147817","0.0431424046","0.68348","1.1147762205","1.052201064","0.093","0.3897644","0.3551703","","0.0854558065","0.0258064512","0.012345","","0.0094153863","0.000241944","","","0.0000058991","0.0000042199","","","","0","0","0","0","","","","","212.7375356232"
"2025-12-10","18.9344650897","0","","32.2955944457","","60.1400746031","19.7316198234","4.2844908036","5.5477959396","18.1572961446","0","","10.2993469201","9.282718091","5.9332705192","2.686678","9.1466548695","8.0829069909","1.225806444","2.6329930793","1.2160747537","0.0403781456","1.550485","1.0982544512","1.059044064","0.096","0.3689692","0.369108","","0.0841219355","0.0258064512","0.012349","","0.0042069628","0.0002433504","","","0.000007246","0.0000040868","","","","0","0","0","0","","","","","214.3067644109"
"2025-12-11","18.9272674903","0","","30.9079617772","","59.9922022989","18.5105955153","7.4212903855","5.4160890356","18.8352637293","0","","10.2998139405","9.2340624623","6.5787124492","3.298293","8.9368463611","7.8476838689","1.225806444","2.6358252579","1.2089311998","0.0402348041","0.191175","0.8923068391","1.050104064","0.111","0.3714696","0.3284051","","0.0851419355","0.0258064512","0.012142","","0.0014023203","0.0002452921","","","0.0000016907","0.0000083054","","","","0","0","0","0","","","","","214.3860886182"
"2025-12-12","18.9224990089","0","","30.2753420932","","68.5188809038","24.9505915667","6.3067630278","5.2185220502","16.2980576967","0","","10.3000073313","9.2564650703","5.1728091761","1.270848","8.9421205835","7.4920038985","1.225806444","2.6564509732","1.2148620022","0.0372770995","0.05531","0.9658026819","1.074506064","0.123","0.3152228","0.3087301","","0.0841522581","0.0258064512","0.012686","","0.0037059578","0.0002467416","","","0.0000029633","0.0000042199","","","","0","0","0","0","","","","","221.0284831637"
"2025-12-13","18.8737373018","0","","24.9358200219","","56.6599049559","15.0930812456","7.4792473963","4.362246771","14.1545694356","0","","10.2943893874","8.7256502432","4.281780232","0.703516","5.9012883445","3.6513348197","1.225806444","2.6419763952","1.2092516854","0.0188211897","0.026295","0.625631875","1.040027064","0.069","0.2375952","0.2494417","","0.0852212903","0.0258064512","0.01182","","0.0003004964","0.0002471016","","","0","","","","","0","0","0","0","","","","","182.5838080477"
"2025-12-14","18.8677198794","0","","23.8244069753","","56.9901301804","15.1547080626","7.4801164632","4.5598569519","14.2807312256","0","","10.2928306854","8.7342036312","4.0009199099","0.693013","5.8478567461","3.6101992606","1.225806444","2.6419763952","1.2080645861","0.0191599977","0.022235","0.7434939567","1.040537064","0.078","0.2576904","0.300387","","0.0848190323","0.0258064512","0.011868","","0.0008013264","0.0002473632","","","0.0000019322","","","","","0","0","0","0","","","","","181.9975879206"
"2025-12-15","18.9388963601","0","","31.1295685657","","59.3316472539","28.5118872146","7.1094450453","5.7454657329","19.3463909852","0","","10.2978876048","9.421969236","7.4561965606","3.711238","9.3943771186","8.2579083825","1.225806444","2.6442773474","1.2097259601","0.0449747831","2.310275","14.4049493664","1.069286064","0.093","0.4129724","0.3797473","","0.084623871","0.0258114512","0.013578","","0.0031049743","0.0002498299","","","0.000001895","0.0000096155","0.00002","","","0","0","0","0","","","","","242.5752923621"
"2025-12-16","18.9269144599","0","","35.2787235225","","59.0333432623","28.1995237711","6.1293364621","5.4161490656","19.6200093392","0","","10.2976061848","9.4181535012","5.3613774814","1.719551","9.144408","8.2368431279","1.225806444","2.6473270674","1.2099041009","0.0396074882","0.36896","0.9934203659","1.057445064","0.135","0.3465244","0.3337603","","0.0835183871","0.0258064512","0.012434","","0.0031051286","0.0002517594","","","0.0000030006","0.0000083041","","","","0","0","0","0","","","","","225.2648214394"
"2025-12-17","18.9374852008","0","","31.6369264289","","62.0325637311","27.0012012673","6.0033296404","5.4161837003","22.518675607","0","","10.2991247433","9.598798104","9.6962806207","5.706674","9.3578952883","8.3959770006","1.225806444","2.6478912745","1.2103122838","0.0445678581","4.601875","1.0997127283","1.045724064","0.12","0.4149208","0.3614467","","0.0844470968","0.0258064512","0.012176","","0.0047076301","0.0002533161","","","0.000000966","0.0000027689","","","","0","0","0","0","","","","","239.5007667145"
"2025-12-18","18.9368690703","0","","31.9214938548","","60.7896810514","27.1636422452","6.5112541761","5.6796506218","16.3650160198","0","","10.3021095598","9.3403622988","5.2043994363","1.379597","9.2444293862","8.1523496827","1.225806444","2.6515798901","1.2103611908","0.0423977782","0.035255","1.1415911767","1.064534064","0.099","0.3802288","0.348496","","0.0835058065","0.0258064512","0.012374","","0.0024039783","0.0002587316","","","0.0000005852","0.0000027689","","","","0","0","0","0","","","","","219.3144570687"
"2025-12-19","18.9290427141","0","","30.3604604322","","59.8181188995","24.2019399719","6.0975676098","5.745528138","15.6690152197","0","","10.2979111227","9.0931272235","4.6814237574","1.190527","8.5223867986","7.0963201331","1.225806444","2.6533948397","1.2149561001","0.0377805722","0.027435","0.9001686778","1.044806064","0.093","0.6590152","0.3200925","","0.0844212903","0.0258064512","0.012015","","0.0016024867","0.0002610756","","","0.0000019323","0.0000055352","","","","0","0","0","0","","","","","210.0039381896"
"2025-12-20","18.8777536322","0","","26.2575638828","","57.2464250482","14.6829906724","7.7915154079","4.4281891979","14.2378316273","0","","10.296538219","8.8068313654","4.0381454298","0.747351","5.8269974536","3.4535908698","1.225806444","2.6537376168","1.2129309224","0.0187739461","0.02647","0.7025582048","1.039247064","0.066","0.2607384","0.3087083","","0.0844651613","0.0258064512","0.011759","","0.0006009933","0.0002614242","","","0","","","","","0","0","0","0","0","","","","184.3295877344"
"2025-12-21","18.8808114065","0","","25.5754906535","","57.850211958","14.9390797456","7.8218492747","4.5599331639","14.3440625789","0","","10.2916720025","8.7822010422","4.0833479464","0.781707","5.9660583874","3.6486581042","1.225806444","2.6537376168","1.213098682","0.0208957652","0.0222","0.7858773763","1.040279064","0.084","0.2323064","0.3188059","","0.0845064516","0.0258064512","0.011834","","0.0010016597","0.0002635443","","","0.0000009661","","","","","0","0","0","0","","","","","185.245503585"
"2025-12-22","18.940029011","0","","31.2209528539","","62.4868836191","27.6018768184","6.7016754712","5.4820823575","28.703512311","0","","10.2966121895","9.3058512605","16.0053686846","11.767444","9.2166852696","8.0739296144","1.225806444","2.6568308664","1.2088880221","0.0434235555","11.889185","0.8590569323","1.055552064","0.105","0.3703436","0.3516396","","0.0843748387","0.0258064512","0.012214","","0.0023038113","0.0002682142","","","0.0000004831","0.0000027676","","","","0","0","0","0","","","","","265.6936001111"
"2025-12-23","18.9234500764","0","","28.7013781551","","59.6908186268","26.6382882465","5.5229852432","5.0210252738","16.0881105411","0","","10.295729725","9.1196864115","5.1992089682","1.218862","8.6489497353","7.2794642838","1.225806444","2.6597447865","1.2112091959","0.0399686888","0.08636","0.8196521914","1.043696064","0.096","0.3433292","0.30286","","0.0843387097","0.0258064512","0.012052","","0.0023036479","0.0002696304","","","0","0.0000042199","","","0.0000000021","0","0","0","0","","","","","210.3013585185"
"2025-12-24","18.928433383","0","","30.5804273784","","59.4015519205","26.7167501852","5.6270267848","5.4821013583","23.4993933137","0","","10.2967161252","9.0819579814","11.3057632564","7.414757","8.6597731611","7.0996541415","1.225806444","2.6615932775","1.218245677","0.0367578377","1.16091","0.849766849","1.060073064","0.105","0.3564472","0.2834427","","0.0842990323","0.0258114512","0.012412","","0.0036058129","0.0002696304","","","0","0.0000040868","","","","0","0","0","0","","","","","233.1787510523"
"2025-12-25","18.9215514761","0","","31.2884349325","","55.6651779448","26.170088962","5.6382735404","5.4162531002","16.1305208149","0","","10.2958089981","9.1192428165","4.8101883016","1.264717","8.7966623078","7.4893555065","1.225806444","2.6638139285","1.2132089075","0.0364945192","0.03062","0.7550617551","1.047851064","0.096","0.3503844","0.2825275231","","0.0843596774","0.0258064512","0.01203","","0.0028044728","0.000271352","","","0","","","","","0","0","0","0","","0","","","208.8333161962"
"2025-12-26","18.9230084207","0","","30.6573846937","","57.6873202196","26.5136441546","5.2751371748","5.152806354","16.2431190523","0","","10.2959023266","9.0856582455","4.9200170885","1.294632","8.5729632761","7.2883412355","1.225806444","2.6661233713","1.2100931252","0.0402187626","0.06914","0.7334225638","1.050245064","0.099","0.3151176","0.2747126","","0.0843219355","0.0258064512","0.012086","","0.0034054716","0.0002727312","","","0","","","","","0","0","0","0","","","","","209.7197063623"
"2025-12-27","18.893376274","0","","26.2631317287","","54.1745257158","14.5161106882","6.5416462923","4.2965617423","14.25178053","0","","10.2915822816","8.6079687254","4.30967191","0.596654","5.5540296012","2.9984006879","2.432913844","2.6665813968","1.2133018758","0.0165943434","0.02537","0.5858275831","1.038731064","0.063","0.2084548","0.2322433","","0.08355","0.0258064512","0.01171","","0.0007011589","0.0002727312","","","0","","","","","0","0","0","0","","","","","179.9004987258"
"2025-12-28","18.8699385724","0","","25.8816612799","","54.9273569085","14.5149410446","7.7401905701","4.3624392324","14.0949356738","0","","10.2951413302","8.6140276743","4.1209977252","0.552592","5.2814192338","2.7375335886","2.787797244","2.6665813968","1.2079751879","0.0153555519","0.021065","0.5175034683","1.039253064","0.093","0.2084036","0.1974343","","0.083516129","0.0258064512","0.011703","","0.0002003311","0.0002727312","","","0","","","","","0","0","0","0","","","","","180.8690422892"
"2025-12-29","18.8861795892","0","","24.6172951226","","60.3687493327","15.3314650656","6.9227816282","4.5600463857","14.1931497902","0","","10.291988299","8.908715032","4.0251390308","0.651124","5.6197814807","3.3501133919","1.225806444","2.6665813968","1.2073084291","0.0191844345","0.01674","0.5776514556","1.039505064","0.09","0.219202","0.2012405","","0.0833345161","0.0258064512","0.011829","","0.0101167128","0.0002727312","","","0","","","","","0","0","0","0","","","","","185.1211072839"
"2025-12-30","18.8654026688","0","","25.4601065256","","54.6297262073","17.0975828821","6.2295232719","4.6918141288","14.3761520194","0","","10.2923131293","8.620417038","4.149091039","0.642282","5.1698031857","2.6772327225","2.774983644","2.6665813968","1.206740695","0.0154121217","0.01695","0.4696048943","1.042601064","0.087","0.2107492","0.19856","","0.0831267742","0.0258064512","0.0118","","0.0001001656","0.0002727312","","","0","","","","","0","0","0","0","","","","","181.7117359564"
"2025-12-31","18.8598494427","0","","23.9603904507","","54.3286843432","14.545861504","5.8497670528","4.3624700043","13.8801325086","0","","10.2912459543","8.4793070852","3.9405016214","0.51074","4.5152013306","2.1079708107","2.501040444","2.6665813968","1.205993444","0.0127121811","0.01669","0.3829524178","1.038989064","0.084","0.2051396","0.177833","","0.1537332258","0.0258064512","0.011722","","0.0005006635","0.0002727312","","","0","","","","","0","0","0","0","","","","","174.1160887279"